Age,Annual_Income_USD,Daily_Commute_km,Number_of_Cars_Owned,Charging_Stations_Near_Home,Charging_Stations_Near_Work,Environmental_Concern_Level,Gender,City_Type,Current_Car_Type,Home_Charging_Possible,Subsidy_Available,Range_Anxiety_Level,EV_Purchase_Probability,Prediction_Category
26,168101.2270056252,45.46301426476415,2,9,3,5,Male,Urban,Truck,Yes,Yes,High,0.11718228,Low Probability
31,83075.283348172,88.69591171799428,4,2,5,3,Female,Urban,Sedan,Yes,Yes,High,0.0023198281,Low Probability
51,117464.72873016876,32.48897210777855,2,6,10,2,Other,Urban,SUV,No,Yes,Low,0.097453535,Low Probability
38,114242.62596423546,10.358269091969103,3,1,12,5,Male,Urban,SUV,Yes,Yes,Medium,0.62439567,High Probability
38,159294.9475319183,89.82497591575881,3,1,13,3,Female,Rural,Truck,Yes,Yes,Medium,0.2106634,Low Probability
54,70750.00108741493,88.7278973023038,3,0,12,4,Other,Rural,SUV,Yes,Yes,High,0.013909494,Low Probability
53,174988.29506024875,71.59738923319891,4,3,10,2,Male,Rural,SUV,No,No,High,0.0003144103,Low Probability
30,51873.328253811924,56.33471324604997,4,11,13,3,Male,Suburban,Sedan,No,Yes,Low,0.10656498,Low Probability
37,81118.03453712129,28.04927881880476,4,12,1,1,Male,Rural,SUV,No,No,Low,0.00040443134,Low Probability
53,120718.40920774509,71.76516805965588,3,11,13,1,Male,Urban,Sedan,Yes,No,Low,0.00041027478,Low Probability
27,102310.84989853224,36.64852077984274,3,5,12,5,Other,Rural,SUV,No,No,Low,0.03790653,Low Probability
38,102625.86949010463,14.884028561817487,3,4,13,2,Other,Rural,Sedan,No,No,High,9.583973e-05,Low Probability
52,38982.35749390937,20.829430696188524,2,10,11,3,Female,Suburban,SUV,Yes,No,Low,0.0008433994,Low Probability
57,115769.04144221314,98.57031856381356,2,5,4,5,Male,Urban,Hatchback,No,No,High,0.0014867414,Low Probability
32,93485.97311265122,7.04245333164703,2,4,14,1,Male,Suburban,Truck,Yes,Yes,Low,0.007693035,Low Probability
57,156997.1669402608,94.43959747805718,4,0,8,3,Female,Rural,Sedan,Yes,Yes,High,0.03565944,Low Probability
32,127442.57233218629,64.35163796568838,1,11,19,4,Male,Rural,Truck,Yes,No,Medium,0.008338974,Low Probability
45,149819.50583971437,73.68112499306046,3,10,8,2,Other,Urban,SUV,Yes,Yes,Medium,0.03139066,Low Probability
58,104397.32638677076,7.021029351990633,1,5,3,3,Female,Urban,Truck,No,No,High,0.00021830492,Low Probability
63,113825.26416184356,90.77826026577613,4,3,6,5,Female,Urban,SUV,No,No,High,0.0019679791,Low Probability
50,86276.00214312275,38.288093733194835,2,0,14,4,Female,Urban,Truck,No,No,Medium,0.0020399578,Low Probability
29,165893.30894914322,83.15453245865041,4,9,13,4,Other,Suburban,SUV,No,Yes,High,0.040056575,Low Probability
42,170043.09757704913,46.96259356253244,2,2,1,2,Other,Urban,Truck,Yes,Yes,High,0.0025103157,Low Probability
34,144028.61839898158,23.45580502997182,4,10,15,2,Male,Rural,Sedan,No,No,Low,0.0019156294,Low Probability
40,63924.513945542756,77.43002009363309,1,9,9,3,Other,Suburban,SUV,No,Yes,Medium,0.007588774,Low Probability
54,81103.92207612185,63.481693427639414,2,4,16,2,Male,Rural,Truck,No,Yes,High,0.0006200401,Low Probability
45,121917.23089352352,82.09833915052596,1,5,10,1,Male,Suburban,Hatchback,Yes,Yes,Low,0.014485298,Low Probability
66,149522.39521583475,71.01945650191533,3,7,6,3,Male,Urban,SUV,No,No,Medium,0.002644363,Low Probability
56,135904.605761156,25.128720502104525,2,10,4,1,Female,Suburban,Sedan,No,No,Medium,0.00034014444,Low Probability
54,129355.13178949276,17.084692910852326,1,1,18,4,Female,Urban,Truck,Yes,No,High,0.00226592,Low Probability
31,110887.9521556371,8.590756226592351,1,1,12,5,Female,Rural,SUV,No,No,Low,0.06670173,Low Probability
65,120925.50546385525,63.17005552203606,2,0,4,3,Other,Urban,Hatchback,Yes,Yes,Medium,0.0850008,Low Probability
25,131517.00032760453,80.96627825686295,4,10,11,2,Male,Rural,Truck,Yes,Yes,Low,0.06389916,Low Probability
40,45116.4313243778,85.0891930569231,4,7,12,5,Other,Rural,Sedan,No,Yes,Medium,0.037500124,Low Probability
28,91138.1291336611,11.258975658468621,1,12,19,4,Other,Suburban,SUV,No,Yes,Low,0.58389175,High Probability
61,158386.23723414162,24.16775177185777,2,11,15,3,Other,Urban,Sedan,No,No,Low,0.0074011474,Low Probability
58,169221.27152465092,21.661221733549723,4,10,19,5,Other,Suburban,Truck,Yes,Yes,Medium,0.65256023,High Probability
62,180224.01759670596,97.8814907233608,1,2,3,2,Other,Suburban,Truck,No,Yes,Low,0.11946046,Low Probability
34,85914.02867275698,67.27681992161247,4,14,7,4,Female,Urban,Truck,Yes,Yes,High,0.004947606,Low Probability
49,100917.24741638408,40.518152425260325,4,6,4,5,Other,Rural,Sedan,No,Yes,Low,0.85819405,Very High Probability
44,40647.111378038186,73.4965799189899,1,2,17,4,Other,Rural,SUV,Yes,Yes,Low,0.03306418,Low Probability
59,172104.0735829064,32.10987246930236,4,14,16,3,Female,Suburban,Hatchback,No,Yes,High,0.018373743,Low Probability
60,173652.0809626426,71.69624841152218,2,3,1,1,Female,Rural,Hatchback,Yes,Yes,High,0.00110432,Low Probability
49,56287.72659383669,5.284557273168833,3,0,15,5,Other,Suburban,Hatchback,No,Yes,Medium,0.15775841,Low Probability
56,60997.185876323754,59.76958396736998,2,11,1,3,Other,Urban,Truck,No,Yes,High,0.0010941436,Low Probability
28,40597.9817741252,10.424662506472636,3,4,17,1,Male,Suburban,Truck,Yes,No,Medium,0.00012931848,Low Probability
34,88944.95950969361,33.29476847252107,3,12,1,4,Female,Rural,Truck,Yes,No,High,0.000720739,Low Probability
63,184730.95303079052,50.967214303883665,4,5,4,4,Other,Suburban,Truck,Yes,Yes,Low,0.6587247,High Probability
57,37966.08610248812,88.40677372903598,3,14,19,2,Male,Rural,Sedan,Yes,No,Low,0.00030165614,Low Probability
62,176516.66541074947,19.31199638000416,2,10,2,2,Female,Urban,Sedan,Yes,No,High,0.00029204768,Low Probability
47,168891.37563751804,21.167622074358125,3,4,4,2,Male,Suburban,Hatchback,Yes,Yes,High,0.0023642392,Low Probability
49,78687.8401427518,60.172658043274026,2,1,2,2,Female,Rural,Hatchback,No,Yes,Low,0.02905773,Low Probability
40,181220.016715784,54.113078131780256,4,8,12,1,Other,Rural,Sedan,No,No,Medium,0.0004209953,Low Probability
36,120481.51782893664,47.03878174125159,2,13,19,2,Female,Rural,Truck,Yes,Yes,Low,0.063672006,Low Probability
36,111585.16034892388,37.01436055663964,2,2,8,1,Other,Urban,Sedan,Yes,No,High,3.8458595e-05,Low Probability
54,115053.39605391689,46.34046752100779,4,5,15,1,Male,Urban,Truck,Yes,Yes,Low,0.023301486,Low Probability
37,151107.86911778027,53.671453573662845,2,12,19,1,Female,Rural,SUV,No,No,Low,0.0017924032,Low Probability
39,175500.5628085415,56.834009693621084,1,3,17,2,Male,Rural,Truck,Yes,Yes,Medium,0.021776214,Low Probability
32,137550.05373875942,17.083040063655613,3,3,2,3,Male,Suburban,SUV,Yes,Yes,Low,0.48075002,Moderate Probability
57,39754.92166573669,35.64506640001858,2,1,18,2,Other,Urban,Hatchback,Yes,Yes,Medium,0.0011780736,Low Probability
32,116074.93314964995,41.49579747723982,3,12,10,1,Other,Rural,SUV,No,Yes,Low,0.027987894,Low Probability
27,46838.606430608044,54.08559471159068,4,11,12,2,Male,Rural,Hatchback,No,Yes,Low,0.007867537,Low Probability
45,124066.7031029982,36.89142285969012,1,14,18,3,Female,Rural,Sedan,No,Yes,High,0.008687127,Low Probability
61,85329.04787906146,23.242600645929592,3,9,16,4,Male,Suburban,SUV,No,Yes,Low,0.35270262,Moderate Probability
57,99361.65659839688,83.54642896870632,2,6,15,3,Male,Suburban,Truck,No,Yes,Medium,0.039619517,Low Probability
45,138258.64802977873,58.46675134461359,4,5,5,2,Male,Rural,SUV,No,Yes,High,0.003496388,Low Probability
58,77466.35333468718,84.47996376388262,1,13,6,3,Female,Rural,Hatchback,No,Yes,Medium,0.025497522,Low Probability
27,79270.14516443004,81.80745651598323,4,5,14,1,Male,Urban,Hatchback,No,Yes,Low,0.008536359,Low Probability
40,156700.85683330413,98.34039773905279,1,5,14,1,Male,Rural,SUV,Yes,Yes,High,0.0017981706,Low Probability
25,154754.55543259432,73.02540838694846,4,1,6,3,Male,Urban,Sedan,No,Yes,Medium,0.109334946,Low Probability
39,90657.3869841751,36.34317214213361,4,11,3,2,Male,Suburban,SUV,No,No,Low,0.0014672541,Low Probability
68,117952.76737776252,18.360453928885924,3,5,2,1,Other,Suburban,Sedan,Yes,No,Low,0.0002683404,Low Probability
58,102191.78435982778,58.08011645771513,1,12,18,5,Female,Rural,Hatchback,Yes,No,High,0.0016547516,Low Probability
39,155731.36407892924,76.28259618875718,2,5,3,2,Female,Rural,SUV,Yes,No,High,0.00054860424,Low Probability
55,129516.59495778398,82.70248386167924,2,8,8,5,Other,Rural,Truck,Yes,No,Low,0.23380335,Low Probability
57,120646.27486700764,22.614221333038586,4,8,14,1,Male,Rural,SUV,No,Yes,Medium,0.009794484,Low Probability
28,168295.10072625475,66.86077712146363,2,4,16,4,Other,Urban,Hatchback,Yes,No,High,0.003087364,Low Probability
44,69626.59739580425,12.306789103520735,1,2,18,1,Male,Urban,SUV,No,No,Medium,0.00036731898,Low Probability
27,166310.60596274066,66.12642338952516,4,11,8,5,Other,Suburban,SUV,No,No,Low,0.08194389,Low Probability
50,38896.48261530952,47.334653033667045,1,2,14,4,Male,Urban,Hatchback,No,Yes,Medium,0.018014837,Low Probability
30,64800.322229401594,49.63421511609462,1,11,12,5,Other,Suburban,Hatchback,No,No,High,0.0004068085,Low Probability
62,49008.11076902471,20.593772228302107,4,12,5,4,Female,Urban,Hatchback,No,No,High,0.00012949047,Low Probability
39,48306.9206965933,78.4616512661722,4,1,8,5,Female,Rural,Hatchback,No,No,Low,0.0044352403,Low Probability
64,50484.95593149385,55.93342669825365,2,11,16,2,Female,Urban,Truck,Yes,Yes,High,0.0004693407,Low Probability
69,103441.62227496291,40.346498170428596,2,0,7,5,Female,Suburban,SUV,Yes,No,Low,0.064106666,Low Probability
48,150755.9489857614,26.271463832247903,1,0,13,2,Female,Rural,SUV,No,No,Medium,0.0012050471,Low Probability
28,142916.22373591654,86.55458679629523,1,6,5,5,Female,Urban,Sedan,Yes,No,Low,0.09308964,Low Probability
46,154729.82420433167,53.22704254557658,3,12,11,1,Male,Suburban,Truck,Yes,Yes,Low,0.026586022,Low Probability
58,122403.24048408621,50.38972904519668,4,10,0,2,Other,Urban,SUV,No,No,Low,0.0009868349,Low Probability
62,118045.39608722049,58.17843438566926,1,11,0,4,Female,Rural,Truck,Yes,Yes,Low,0.670821,High Probability
54,153187.09096635185,64.28703691676085,2,12,19,1,Other,Rural,Truck,No,Yes,Low,0.032576554,Low Probability
42,138441.32560361282,50.63564064062354,3,11,13,1,Other,Urban,SUV,Yes,No,High,0.00017447268,Low Probability
59,119503.55906658336,16.52072402138851,2,3,8,4,Other,Urban,SUV,No,Yes,Low,0.46645203,Moderate Probability
38,140178.11706674437,56.57787304452381,1,14,8,5,Other,Rural,Truck,Yes,No,Low,0.0873913,Low Probability
47,135675.22235477576,60.522397233397385,3,2,7,2,Male,Urban,SUV,No,No,Medium,0.0008791334,Low Probability
46,92779.20895442143,93.40634690218505,2,2,2,1,Male,Rural,SUV,No,Yes,Low,0.010969724,Low Probability
60,147982.15701128938,74.29508030042719,1,3,13,5,Male,Urban,SUV,No,Yes,Low,0.8715099,Very High Probability
44,115714.23896960774,27.44731081292949,4,8,15,5,Female,Urban,Sedan,Yes,No,Medium,0.016751708,Low Probability
33,111995.6957323227,30.015322357126564,4,13,16,5,Male,Suburban,SUV,Yes,Yes,High,0.08386262,Low Probability
60,104377.02038722763,85.22425553803447,3,7,18,1,Female,Urban,Hatchback,No,Yes,High,0.00047601,Low Probability
58,117323.42648153713,38.81537318238725,3,9,1,3,Male,Suburban,Hatchback,Yes,No,Medium,0.0017434066,Low Probability
39,179041.23785441776,62.850785024632465,2,0,19,5,Other,Suburban,Hatchback,Yes,Yes,High,0.115363024,Low Probability
56,140464.04061238404,73.59471433014996,3,7,11,5,Male,Rural,Hatchback,No,Yes,Low,0.9036155,Very High Probability
29,134930.5509990023,10.671045151579632,2,9,2,1,Female,Suburban,Sedan,Yes,Yes,Medium,0.012768093,Low Probability
63,147272.87641864573,42.331586778794716,3,2,10,2,Female,Suburban,Truck,Yes,Yes,Medium,0.019548472,Low Probability
53,145632.02995341935,71.41816176586104,2,12,8,1,Other,Urban,Truck,Yes,Yes,High,0.0031867076,Low Probability
47,71130.17155448566,94.71911715351007,1,8,8,1,Female,Rural,Sedan,No,Yes,Medium,0.00083742745,Low Probability
59,81246.92801050266,16.924470100944102,3,7,15,4,Other,Urban,Hatchback,No,No,Low,0.0075814305,Low Probability
25,148680.741854602,11.963536116831882,4,4,18,3,Male,Urban,Truck,Yes,No,High,0.004416936,Low Probability
57,37819.77107527175,97.66250957708371,4,2,1,5,Male,Urban,Truck,Yes,Yes,Medium,0.111918375,Low Probability
69,67696.70442241622,80.41117816322186,4,10,0,2,Male,Rural,Hatchback,Yes,Yes,Low,0.026268613,Low Probability
33,177865.39302838594,78.34632361773355,2,11,2,1,Male,Rural,SUV,Yes,Yes,High,0.0028312753,Low Probability
41,124350.73120034656,5.512533216780218,3,5,8,5,Male,Rural,SUV,Yes,Yes,Medium,0.5391952,High Probability
50,90860.64738532252,87.50925081299752,2,3,13,1,Male,Rural,SUV,Yes,Yes,High,0.00031608786,Low Probability
47,46768.19655168007,95.19491263202384,4,5,12,1,Male,Rural,Sedan,No,Yes,Low,0.0018726818,Low Probability
68,71051.11294677036,31.18134495524489,3,7,18,1,Other,Urban,Truck,No,Yes,Low,0.004088763,Low Probability
50,77893.54870730196,71.67684268066458,2,13,13,1,Female,Urban,Truck,Yes,No,Medium,0.0001273893,Low Probability
58,184601.87583997895,78.0917223800665,4,7,13,5,Other,Suburban,Sedan,Yes,No,High,0.016414652,Low Probability
29,175599.11491769794,28.334403424956818,2,11,7,5,Female,Suburban,Truck,Yes,No,Low,0.100384556,Low Probability
35,117320.21824431817,86.31617651030979,1,1,5,2,Other,Urban,Truck,No,Yes,Low,0.11793691,Low Probability
42,113400.79623963156,94.46772198629027,3,12,4,3,Male,Urban,Truck,Yes,Yes,High,0.015936537,Low Probability
46,52028.981787299475,25.00750859097028,3,6,5,5,Female,Suburban,Truck,No,Yes,Low,0.580851,High Probability
45,94353.8476718439,77.63094018171074,4,9,5,1,Male,Urban,SUV,Yes,No,Medium,0.00024523248,Low Probability
31,146920.09112474514,73.91661743521574,4,4,5,3,Female,Urban,Truck,No,Yes,High,0.014860898,Low Probability
52,42120.61266734815,98.62203363813073,3,8,11,2,Other,Suburban,Hatchback,No,Yes,High,0.0002686378,Low Probability
35,57160.16541752589,10.117284671952206,2,7,14,1,Other,Suburban,Sedan,No,Yes,Low,0.0034229725,Low Probability
34,115717.90782381519,39.09541890101329,4,9,12,2,Other,Urban,SUV,No,No,Low,0.00086267723,Low Probability
48,124627.97040272111,68.11392323345453,3,4,0,2,Female,Urban,Sedan,Yes,No,High,5.2106152e-05,Low Probability
57,167631.5329779232,70.07696293392597,3,11,5,5,Female,Suburban,Hatchback,No,Yes,Medium,0.779091,Very High Probability
64,71549.89772691546,15.407635578309565,4,9,14,3,Other,Suburban,Hatchback,Yes,No,Low,0.006529971,Low Probability
25,187931.34628234783,83.6488423841608,3,14,6,3,Female,Suburban,Truck,No,No,High,0.0017982011,Low Probability
33,116371.5495450847,79.19638866283223,2,3,6,5,Female,Rural,Truck,No,Yes,High,0.025559092,Low Probability
51,87599.60433727258,28.65872894866981,1,0,14,2,Male,Suburban,SUV,No,No,High,4.848316e-05,Low Probability
64,34419.73207930895,29.019109023418306,4,10,1,1,Male,Suburban,Truck,Yes,No,Low,8.272087e-05,Low Probability
30,42288.41710845918,95.40295019431309,2,4,16,1,Other,Urban,Truck,No,No,High,2.1150758e-05,Low Probability
54,129928.77377171438,18.744936083732938,2,14,17,1,Other,Urban,Hatchback,Yes,Yes,Medium,0.018328834,Low Probability
31,162104.15933269414,68.96203237548791,2,11,19,2,Female,Rural,Sedan,No,No,High,0.0009678323,Low Probability
67,93474.09854358478,51.833719766773,4,5,0,1,Other,Urban,Sedan,No,No,High,2.427804e-05,Low Probability
33,131779.2578349391,31.621082409218552,2,7,5,3,Male,Rural,Hatchback,No,Yes,High,0.010426916,Low Probability
50,108069.52971177477,42.83435762608064,3,4,1,3,Male,Suburban,Truck,Yes,No,High,0.00019826081,Low Probability
53,86371.07836575128,97.68784411629848,3,12,19,3,Female,Suburban,Truck,Yes,Yes,Low,0.29679745,Moderate Probability
57,170689.6905928718,43.97981863175282,1,10,15,4,Female,Suburban,Sedan,Yes,Yes,Low,0.73726714,High Probability
25,38679.118990384435,43.523031257395154,4,13,7,4,Male,Urban,Sedan,No,No,Low,0.0032007233,Low Probability
63,96463.30258474167,53.99063927025188,3,3,10,5,Other,Urban,Sedan,Yes,No,High,0.0011762042,Low Probability
48,104918.96651800736,55.87193072323976,2,14,5,4,Other,Urban,SUV,No,No,Medium,0.004344811,Low Probability
66,184627.0759275687,43.782939335476286,3,3,7,5,Female,Suburban,Truck,No,Yes,Low,0.8600316,Very High Probability
42,171407.30362539724,68.59629923140298,4,6,12,4,Other,Urban,SUV,No,No,Medium,0.0072509376,Low Probability
39,104085.10149839075,34.16601191600009,1,8,5,4,Other,Urban,Hatchback,Yes,Yes,High,0.016041268,Low Probability
53,77547.64620921836,61.65364937488115,2,14,19,1,Other,Suburban,Sedan,No,Yes,Medium,0.0023103761,Low Probability
28,45324.01608101461,6.7625035609138235,3,9,11,2,Female,Suburban,SUV,No,Yes,High,0.0006095661,Low Probability
38,64421.70984909799,53.93470705902975,1,11,14,1,Male,Suburban,Hatchback,Yes,No,Low,7.606727e-05,Low Probability
45,38777.65420685939,15.125355820014246,1,14,13,1,Other,Rural,SUV,No,No,High,3.1227326e-05,Low Probability
61,102835.61774882773,50.07397208578873,1,1,2,2,Male,Suburban,Truck,Yes,No,High,4.399387e-05,Low Probability
43,38316.021315487305,38.91960427026752,4,0,18,1,Female,Urban,SUV,No,Yes,Low,0.0019203441,Low Probability
26,145880.38509511968,91.65629191662754,1,11,17,2,Male,Rural,Truck,No,No,Low,0.0041659884,Low Probability
50,39227.75516193011,69.21486969573101,1,14,2,4,Male,Urban,Hatchback,No,Yes,High,0.00046512065,Low Probability
38,146286.22315178782,86.21027277050793,4,2,7,5,Female,Suburban,Truck,No,No,Low,0.09096615,Low Probability
57,137381.5413045236,94.47109671025001,4,5,15,5,Female,Urban,Hatchback,No,No,High,0.005530516,Low Probability
36,82607.03001257198,81.71241584123548,1,1,11,3,Other,Rural,SUV,No,No,Medium,0.0019752947,Low Probability
65,138779.58458822046,27.16792916363423,3,0,1,2,Other,Urban,Hatchback,No,Yes,High,0.0015987521,Low Probability
29,105825.05386552608,55.37251428654655,1,5,19,2,Male,Suburban,Truck,No,No,Medium,0.0004907278,Low Probability
61,182341.31492405504,70.26769763121257,1,13,14,5,Other,Suburban,SUV,No,No,Medium,0.03186409,Low Probability
61,55354.57531844078,58.91865092728709,2,0,1,2,Female,Suburban,Hatchback,No,Yes,High,0.0005749583,Low Probability
55,108731.7227863854,12.864857241849073,4,1,13,3,Female,Rural,Sedan,Yes,No,Low,0.01988319,Low Probability
58,97506.11009399596,71.08785109710155,2,0,14,1,Other,Suburban,Hatchback,No,Yes,Low,0.011360782,Low Probability
56,126501.48567138817,43.626648759144494,2,8,16,1,Female,Suburban,Truck,Yes,No,High,8.951991e-05,Low Probability
56,171992.81323063694,9.385439498293056,2,3,4,2,Male,Urban,Sedan,Yes,Yes,Medium,0.022096422,Low Probability
52,71703.42498459251,50.18692327934137,1,4,16,4,Female,Rural,Truck,Yes,Yes,High,0.0058153146,Low Probability
38,40285.07105516836,36.043507346823965,3,12,4,3,Female,Urban,Hatchback,No,Yes,Medium,0.006141289,Low Probability
31,117979.64897370948,43.44973378838703,2,12,5,4,Other,Rural,Sedan,No,No,Medium,0.005778294,Low Probability
44,139938.0699534782,27.53879313233271,2,9,10,5,Male,Rural,SUV,No,Yes,Medium,0.67236835,High Probability
55,125670.958651643,63.158894867857725,3,7,17,1,Male,Rural,Sedan,No,Yes,Low,0.014621718,Low Probability
63,138839.0122688826,82.75675262521311,4,9,12,2,Other,Rural,Sedan,Yes,Yes,Low,0.19537906,Low Probability
69,40293.404848919556,65.0989728949891,1,10,7,1,Female,Rural,Hatchback,Yes,Yes,High,0.00014276165,Low Probability
34,106209.17002757193,22.274036802788434,4,4,19,2,Other,Urban,Sedan,No,No,Low,0.0009644342,Low Probability
51,70979.85117591995,5.50587727526214,4,2,3,4,Female,Urban,Hatchback,No,Yes,Low,0.36761984,Moderate Probability
65,128021.74877633844,11.829989073043777,3,9,10,3,Other,Rural,Truck,Yes,No,High,0.0024647086,Low Probability
38,181294.79150730628,70.56750886804062,4,13,7,2,Male,Rural,SUV,No,Yes,High,0.008036975,Low Probability
47,82158.28058465986,52.972533828082675,4,13,18,1,Female,Urban,Sedan,Yes,No,Medium,0.00023161154,Low Probability
29,72400.39400333891,78.19395633619916,1,7,12,5,Female,Rural,Truck,No,No,Medium,0.0018927781,Low Probability
45,40727.6242399882,33.03385443687449,2,9,11,2,Other,Rural,SUV,Yes,Yes,Medium,0.0009868764,Low Probability
38,70653.43517001375,91.22072285790796,4,7,16,1,Other,Rural,Truck,No,Yes,High,0.0002793336,Low Probability
48,164038.0041030474,52.43176922525545,4,5,1,5,Other,Rural,SUV,No,Yes,Low,0.88632524,Very High Probability
44,160078.12793900163,70.27349578024635,4,4,5,1,Female,Rural,Truck,No,No,High,0.00015743267,Low Probability
36,50042.62364030362,79.92638230506655,4,12,8,1,Other,Urban,Hatchback,Yes,No,Medium,7.791823e-05,Low Probability
43,99222.38692269723,67.46810166521087,3,3,8,1,Female,Rural,Hatchback,No,No,High,1.9723624e-05,Low Probability
50,147015.6164762653,52.46817887046875,3,5,7,4,Female,Suburban,Sedan,No,Yes,Medium,0.26731464,Moderate Probability
56,147450.2957675717,21.18530200542484,2,8,18,2,Other,Suburban,Hatchback,No,Yes,Medium,0.01897102,Low Probability
27,183253.9896136969,46.79019578759396,4,13,7,3,Other,Urban,SUV,No,No,Medium,0.0066264197,Low Probability
45,125582.60734980504,57.13518154169328,4,5,12,2,Female,Urban,Truck,No,No,Low,0.0008141267,Low Probability
50,119022.19690915819,84.53527261691333,1,8,6,3,Male,Suburban,Hatchback,No,Yes,Low,0.16731612,Low Probability
52,111278.68162489329,35.28529307305112,1,1,16,3,Other,Urban,Truck,No,No,Low,0.008064384,Low Probability
55,111332.46154175716,85.20756919603684,4,4,12,4,Male,Urban,Truck,No,Yes,Low,0.5323397,High Probability
38,171935.8536068684,70.52759705773674,1,6,18,2,Other,Rural,Hatchback,No,Yes,Low,0.12014003,Low Probability
42,85426.24160846364,91.67671391272347,3,6,19,3,Other,Urban,Hatchback,No,No,Medium,0.0019916382,Low Probability
64,72187.02383186671,22.853546902826192,1,8,19,3,Female,Rural,Sedan,Yes,Yes,High,0.011128778,Low Probability
38,37557.468152008165,55.25090914918106,1,14,9,4,Male,Urban,Truck,No,No,Low,0.0022163931,Low Probability
33,80434.1302619181,9.145619207749556,2,0,7,2,Female,Rural,Truck,No,No,High,6.6034394e-05,Low Probability
64,159495.58391902497,92.53201268051238,3,11,3,2,Male,Urban,Sedan,No,Yes,Medium,0.02567771,Low Probability
45,51603.118650423414,67.29753871983596,3,12,12,4,Male,Rural,Hatchback,No,Yes,Low,0.08766259,Low Probability
40,167459.70293840667,44.33951471043174,1,6,16,1,Male,Suburban,SUV,Yes,No,Medium,0.00052831415,Low Probability
25,90718.36026064865,23.129289986610676,1,8,15,1,Male,Suburban,SUV,Yes,No,Medium,0.0006031662,Low Probability
61,181175.383480755,29.816656036497164,2,11,19,5,Female,Suburban,SUV,Yes,No,Low,0.11050328,Low Probability
64,147894.56728516973,51.97339638370334,2,8,7,1,Female,Suburban,SUV,No,No,Medium,0.00049589947,Low Probability
40,139158.13161811902,37.42360772569418,3,14,3,3,Male,Suburban,Truck,No,Yes,Low,0.4109468,Moderate Probability
64,98174.00976596467,59.4361953515735,4,2,0,2,Other,Rural,Truck,Yes,Yes,High,0.0006287141,Low Probability
36,147419.20585259405,80.77248885118458,2,7,15,4,Other,Suburban,Hatchback,No,Yes,Low,0.6770291,High Probability
39,36891.103426237365,55.95647178007719,3,4,16,3,Other,Rural,Sedan,No,Yes,Low,0.040986747,Low Probability
47,155022.10872750648,50.665577923664806,3,13,2,3,Other,Suburban,Hatchback,Yes,No,High,0.0018972729,Low Probability
39,183779.63888574886,88.89842267794043,1,8,15,3,Other,Suburban,Sedan,Yes,No,Low,0.02238889,Low Probability
46,107355.10599608977,64.7691478713336,2,9,0,5,Male,Rural,Truck,No,Yes,High,0.019804794,Low Probability
34,120458.50477132289,18.03696069572356,4,12,2,2,Other,Urban,SUV,No,No,High,0.0001678658,Low Probability
60,157511.84482594935,19.464199281065156,2,12,19,4,Male,Rural,Truck,Yes,Yes,Medium,0.31848988,Moderate Probability
44,74956.93219822383,26.92334325595265,2,10,3,3,Other,Rural,Hatchback,Yes,No,Medium,0.0010668699,Low Probability
65,140615.60268776395,18.431679288604037,2,5,13,5,Female,Urban,Truck,Yes,Yes,Low,0.8832561,Very High Probability
55,160368.37533134926,22.756671410502147,4,3,9,1,Male,Urban,Sedan,Yes,Yes,Medium,0.006646277,Low Probability
59,73338.06977032761,22.72586646758351,1,7,11,5,Male,Urban,Truck,Yes,Yes,Low,0.52964735,High Probability
50,134929.74497127216,37.60538502810002,3,5,15,3,Male,Rural,Sedan,No,No,High,0.000570754,Low Probability
37,152641.06218734753,37.73258632933208,1,7,16,2,Female,Urban,Sedan,No,No,Low,0.0015700348,Low Probability
54,60123.932691708964,95.82299607956652,2,10,0,1,Female,Urban,Truck,No,Yes,High,0.00033410927,Low Probability
46,162998.49654253662,69.04479148369704,1,3,9,4,Male,Rural,Truck,Yes,No,Low,0.0098673785,Low Probability
42,161984.2300228493,60.95455230563713,2,13,18,2,Male,Suburban,Hatchback,Yes,No,High,0.0017384257,Low Probability
33,62408.75154246902,66.42316172872927,4,6,9,3,Other,Urban,Sedan,Yes,No,High,9.487737e-05,Low Probability
40,106302.65077769588,65.92579853394182,4,2,16,1,Male,Urban,Truck,Yes,No,High,5.1909552e-05,Low Probability
50,152378.02558277937,70.70573689414766,3,12,13,1,Other,Urban,Sedan,Yes,Yes,Medium,0.010587128,Low Probability
44,100742.13153581164,86.79014212237712,4,11,9,5,Other,Urban,Truck,No,Yes,Medium,0.5615267,High Probability
61,161027.34117010765,50.49290615347532,3,7,14,2,Female,Suburban,SUV,No,No,Low,0.0011184469,Low Probability
52,83031.11993193672,6.492465032100736,3,11,4,1,Female,Urban,Sedan,Yes,Yes,Medium,0.005452312,Low Probability
38,164013.2531109329,39.88650480572397,3,9,10,2,Male,Suburban,Sedan,No,No,Low,0.0011229725,Low Probability
60,85211.65536151538,27.60930205141029,4,11,0,4,Other,Urban,SUV,Yes,No,Low,0.012707777,Low Probability
39,92175.39821305894,61.834569793364565,2,11,6,2,Female,Suburban,Sedan,Yes,Yes,Medium,0.015058646,Low Probability
51,141970.26196734278,70.39282421534868,3,5,8,3,Female,Rural,Sedan,Yes,No,High,0.0013922908,Low Probability
34,81169.72344055181,85.19995932301718,2,13,13,4,Other,Rural,SUV,Yes,Yes,High,0.013103063,Low Probability
47,118741.87245702907,82.5022772150762,1,4,8,5,Male,Suburban,SUV,Yes,Yes,Low,0.8017101,Very High Probability
54,47552.54242535055,7.589271248555848,2,7,2,5,Male,Suburban,Sedan,No,Yes,Medium,0.06882911,Low Probability
56,55465.59224998389,8.302009027066385,2,7,17,5,Other,Urban,SUV,No,No,Low,0.008389434,Low Probability
52,155444.1638450533,76.76430752001254,3,13,9,2,Male,Suburban,Sedan,No,No,High,0.0003845058,Low Probability
34,183724.8445163844,31.235558853704585,2,6,4,1,Female,Suburban,Truck,Yes,No,High,0.000114287235,Low Probability
66,107590.99820757307,58.10835376106969,2,4,18,3,Female,Rural,Truck,No,Yes,Low,0.16086388,Low Probability
26,50710.919498566276,93.111376798094,1,1,3,5,Female,Rural,Truck,Yes,Yes,High,0.0045733103,Low Probability
26,112484.95476168602,50.510976840191425,4,3,3,2,Male,Urban,Sedan,No,Yes,Medium,0.01869219,Low Probability
31,180881.4134936997,16.971368382927757,4,14,1,2,Male,Suburban,Hatchback,Yes,No,Low,0.0034775832,Low Probability
31,174041.9362325201,58.91349673608485,2,14,3,1,Male,Urban,SUV,No,Yes,Low,0.026887452,Low Probability
34,138137.54900188377,74.13927218004214,3,10,4,1,Female,Rural,Truck,No,Yes,Medium,0.005992378,Low Probability
29,179743.4972123243,77.83994709348327,1,8,6,1,Male,Urban,Hatchback,Yes,No,Medium,0.0010652218,Low Probability
67,122003.99899103084,82.9811812495116,4,11,5,5,Male,Urban,SUV,Yes,No,High,0.0069888383,Low Probability
46,30189.47619640272,35.900934527826685,1,10,15,2,Male,Urban,Truck,Yes,No,High,3.7879498e-05,Low Probability
37,174085.08133841815,96.85651985454119,2,7,1,1,Other,Rural,Sedan,No,Yes,Medium,0.008020098,Low Probability
62,63433.098006470645,40.61868126287802,1,6,9,2,Other,Rural,Sedan,No,No,Low,0.000105982996,Low Probability
32,32113.965337583926,29.258151849728478,4,9,12,1,Female,Rural,Truck,No,No,Low,7.856001e-05,Low Probability
41,96369.67599748481,82.43511883540371,2,11,8,5,Other,Rural,Sedan,Yes,Yes,Low,0.8176421,Very High Probability
35,166359.25596245454,92.76294008904141,1,6,9,3,Female,Rural,Sedan,Yes,No,Low,0.015859442,Low Probability
68,83888.7767116421,90.19356934453674,3,8,0,3,Female,Urban,Hatchback,Yes,Yes,Low,0.093120985,Low Probability
50,80403.69639195164,66.25447678759781,2,14,2,2,Female,Rural,Hatchback,No,Yes,Medium,0.0054740347,Low Probability
55,81331.95160255261,89.59771138937067,1,2,2,4,Other,Suburban,Truck,Yes,Yes,High,0.008035821,Low Probability
64,100962.45243543468,45.62381787970987,3,12,6,3,Male,Suburban,Hatchback,No,No,Low,0.0037492134,Low Probability
57,149236.88799471373,75.69956953670514,2,10,7,2,Female,Suburban,Sedan,Yes,No,Low,0.0016300334,Low Probability
30,127967.95186227854,94.58125297842281,3,5,9,2,Female,Urban,Hatchback,No,No,High,0.00018197228,Low Probability
30,63731.139571681306,83.18013598316466,4,5,12,5,Female,Urban,Hatchback,No,Yes,Medium,0.026710585,Low Probability
34,84102.82780887873,10.614237328077731,1,5,3,5,Female,Rural,Sedan,Yes,Yes,High,0.021261688,Low Probability
52,107781.20185607493,36.38784075893582,4,10,3,3,Other,Suburban,Sedan,Yes,Yes,Medium,0.10526334,Low Probability
25,145199.15361489393,81.74557431961496,2,9,13,3,Male,Suburban,Truck,No,Yes,Medium,0.0636087,Low Probability
57,175016.67569988724,36.524330864697035,4,12,18,4,Male,Suburban,SUV,Yes,Yes,Low,0.70361906,High Probability
44,125658.00279300228,55.08155293633939,3,9,3,1,Other,Suburban,Sedan,Yes,Yes,Low,0.028528955,Low Probability
65,87080.67218301343,46.51739954453554,2,1,9,2,Female,Urban,Hatchback,No,No,High,3.2207063e-05,Low Probability
49,185290.96955487825,97.39788834175627,4,11,8,1,Male,Suburban,Sedan,Yes,Yes,Medium,0.015718047,Low Probability
59,55361.63217168742,17.959275374930954,3,5,8,5,Other,Suburban,Sedan,Yes,No,High,0.0007370714,Low Probability
29,169086.4117097479,29.85112545008057,3,3,4,4,Female,Rural,Hatchback,Yes,No,High,0.0018364794,Low Probability
52,89922.56669650321,9.194166141310117,4,14,3,4,Other,Suburban,Sedan,Yes,No,Medium,0.0055470234,Low Probability
38,180202.12568669106,59.575581836874974,2,5,12,4,Male,Suburban,Hatchback,No,No,High,0.0011616137,Low Probability
47,57285.449020771885,6.116844227237825,2,13,1,5,Male,Urban,SUV,No,No,Medium,0.001900192,Low Probability
42,90800.08981414702,30.32170134239268,4,13,13,4,Other,Rural,Sedan,Yes,Yes,Medium,0.17864572,Low Probability
68,40335.323994996594,20.24329941610806,4,7,10,4,Male,Rural,Hatchback,Yes,Yes,Medium,0.017776772,Low Probability
27,172713.2347055548,44.23138162280422,1,8,8,3,Male,Suburban,Sedan,No,No,High,0.0012369889,Low Probability
54,50652.79296665527,97.1342184710223,3,14,5,4,Other,Suburban,Hatchback,No,No,Medium,0.0007207824,Low Probability
35,122581.75099796228,93.19473624518075,4,9,3,2,Male,Suburban,SUV,No,No,High,0.00017400281,Low Probability
58,65215.31747007417,27.04114944174749,3,8,15,5,Male,Rural,Hatchback,No,No,High,0.00038806998,Low Probability
54,181047.34348283353,60.00238453027291,3,6,18,4,Male,Urban,Hatchback,Yes,No,Medium,0.011508264,Low Probability
43,136140.58693025896,62.489535880039504,1,13,13,2,Male,Suburban,Truck,Yes,No,Medium,0.0009362749,Low Probability
63,102343.60735688242,44.10000158386671,2,14,16,2,Male,Rural,Hatchback,Yes,Yes,Low,0.051774777,Low Probability
25,34757.16817576584,75.94646672828547,2,14,5,4,Male,Urban,Sedan,Yes,No,Low,0.00097260904,Low Probability
52,47947.2584691576,61.20696165499999,1,10,12,5,Male,Urban,Truck,Yes,Yes,High,0.013122047,Low Probability
46,131252.5657262724,18.2738206066115,3,0,12,1,Male,Rural,SUV,Yes,Yes,Medium,0.009620177,Low Probability
67,102762.4679293685,36.80616355154957,2,12,14,4,Male,Rural,Sedan,No,Yes,Medium,0.1318187,Low Probability
66,147423.32270531615,66.83204044923619,2,2,14,2,Female,Rural,Sedan,No,Yes,High,0.0012385474,Low Probability
42,130713.20613788586,55.5427735413747,1,9,16,4,Other,Suburban,Truck,Yes,Yes,Medium,0.32839853,Moderate Probability
44,36947.7239727798,45.817249569236346,4,12,13,3,Male,Rural,Sedan,No,Yes,Low,0.035892762,Low Probability
67,35148.44254158075,42.26223375083711,2,14,10,3,Female,Rural,Hatchback,No,Yes,Low,0.035827413,Low Probability
30,74010.34146224063,45.323851172799664,1,1,15,1,Female,Suburban,SUV,No,No,Medium,0.00014734085,Low Probability
44,120152.38427991184,41.75637765637073,3,10,18,3,Male,Urban,Sedan,No,No,High,0.0002951923,Low Probability
49,59248.108828888464,87.65063631783704,1,7,9,5,Other,Urban,SUV,Yes,Yes,Low,0.54181135,High Probability
51,104915.12393990188,46.815050114005814,1,10,9,1,Female,Suburban,Truck,No,No,Medium,0.00017686083,Low Probability
64,145700.82785008464,47.77147959645782,3,0,1,5,Female,Suburban,Sedan,No,Yes,Low,0.8507708,Very High Probability
67,95526.71635909157,92.73093354748791,1,14,12,4,Male,Suburban,Hatchback,Yes,No,Medium,0.0035273843,Low Probability
26,46192.46051633547,59.48097901416521,4,3,11,3,Male,Urban,Sedan,Yes,No,Medium,0.000960301,Low Probability
47,103621.60127552954,7.365648172411902,3,13,12,4,Female,Suburban,Hatchback,No,No,Medium,0.0032591983,Low Probability
54,135286.41332891278,52.6660239845576,1,10,13,3,Other,Rural,Hatchback,Yes,No,High,0.0011753145,Low Probability
26,184134.8010868106,36.270178394967125,2,13,7,3,Other,Rural,Truck,No,No,Low,0.014812574,Low Probability
49,176521.8175104652,17.082315226058427,3,7,11,5,Male,Suburban,Hatchback,Yes,No,High,0.009207424,Low Probability
34,153772.16059367883,94.24333419546268,3,7,18,5,Other,Suburban,SUV,No,No,High,0.007998358,Low Probability
31,152369.7492943796,32.55819026344676,4,8,10,3,Other,Suburban,Truck,Yes,No,Medium,0.003187311,Low Probability
54,133203.21655358464,26.564113009612615,4,2,1,1,Male,Suburban,SUV,No,No,High,7.629568e-05,Low Probability
65,79460.78182090027,83.01796981333487,2,2,19,2,Male,Rural,SUV,Yes,No,High,0.00012073539,Low Probability
52,70308.98773946009,72.60076291298783,2,11,8,1,Female,Suburban,SUV,No,Yes,Low,0.0054522837,Low Probability
28,127452.28719015092,31.04200096576548,3,12,18,2,Male,Suburban,SUV,No,No,Medium,0.0007601648,Low Probability
46,89022.60340506851,88.56242397297592,1,1,7,5,Male,Urban,Sedan,No,Yes,Medium,0.37448406,Moderate Probability
25,106349.58494681111,86.85623836320912,4,11,3,3,Male,Rural,Sedan,Yes,No,High,0.00069399003,Low Probability
55,127823.45159897448,26.03376185831051,4,9,11,3,Other,Rural,Truck,Yes,No,High,0.0017746218,Low Probability
30,42937.140821465415,21.139934083909548,3,6,15,4,Other,Urban,Hatchback,No,No,Medium,0.00085282867,Low Probability
51,69551.93322378882,46.04921055048187,1,5,11,3,Female,Urban,Hatchback,No,No,High,0.00016797057,Low Probability
50,48920.1625286108,40.190278446755414,3,4,0,2,Female,Urban,Hatchback,Yes,Yes,Low,0.005124552,Low Probability
62,63567.85993858052,81.1051166227771,2,5,6,4,Other,Urban,Truck,Yes,No,High,0.0002971824,Low Probability
35,174994.20490079105,96.59724236798706,4,5,16,4,Other,Urban,Sedan,Yes,Yes,Low,0.9018259,Very High Probability
62,139690.2224246457,77.00246176481404,1,11,3,3,Male,Rural,Sedan,Yes,No,Medium,0.0044495407,Low Probability
58,92320.1338296947,42.89308522976897,1,8,12,4,Female,Suburban,Truck,Yes,No,Medium,0.0040686065,Low Probability
60,169046.55342440683,42.847311745035256,4,14,0,2,Male,Rural,Sedan,Yes,No,Low,0.0017026154,Low Probability
48,62909.472597094544,83.69349057150134,2,6,12,4,Male,Suburban,SUV,Yes,Yes,Medium,0.01672512,Low Probability
25,137392.36752107274,44.89056511320877,3,6,12,2,Other,Rural,Sedan,No,Yes,High,0.0031041182,Low Probability
41,153482.62834107946,64.0969179233472,4,10,10,2,Other,Rural,Sedan,No,Yes,High,0.003324849,Low Probability
68,88986.76320829114,77.29504060461241,1,14,14,1,Other,Urban,Hatchback,Yes,Yes,Low,0.013290381,Low Probability
57,83229.10399160568,54.58457188540452,4,9,9,2,Female,Rural,Truck,No,No,Medium,0.00014227322,Low Probability
69,86399.39530285698,19.773021987531344,2,8,6,4,Male,Suburban,Truck,Yes,No,Medium,0.008467859,Low Probability
59,92857.0169725582,37.083329363079734,1,10,19,5,Female,Urban,Sedan,No,Yes,Low,0.6607831,High Probability
36,50578.72346872449,68.11929731592875,4,13,19,3,Female,Suburban,Hatchback,Yes,No,High,0.00022375872,Low Probability
45,103178.32204710977,15.24086030217236,3,5,1,3,Female,Suburban,SUV,Yes,No,Low,0.00722262,Low Probability
42,178303.18700042294,29.760346900874794,1,11,19,5,Other,Urban,Truck,No,Yes,Medium,0.7894995,Very High Probability
35,127774.24362206449,86.3092982946464,4,5,9,1,Other,Urban,Truck,No,Yes,High,0.00133186,Low Probability
46,140963.94739179785,14.711300359688217,3,13,11,3,Male,Urban,SUV,Yes,No,Low,0.025948644,Low Probability
41,87956.58090994766,56.51838860502347,3,6,2,3,Male,Urban,Sedan,Yes,Yes,Medium,0.04339861,Low Probability
30,188474.577576068,60.138179530670996,2,12,13,1,Female,Suburban,Sedan,No,Yes,Medium,0.0051865447,Low Probability
25,154331.24711003137,67.35122493374234,1,7,3,2,Female,Suburban,Sedan,Yes,No,Low,0.0005980166,Low Probability
35,117694.26777117419,57.36640184242439,4,13,14,3,Female,Suburban,Truck,Yes,Yes,High,0.021767203,Low Probability
68,93199.82520942543,77.47086078270493,3,12,19,4,Male,Urban,Truck,Yes,Yes,Low,0.3805654,Moderate Probability
37,106935.4479467135,88.61542982585591,1,14,15,5,Female,Rural,Truck,No,No,Low,0.044183493,Low Probability
56,106913.51270289505,50.52105620535818,4,10,0,2,Female,Suburban,Hatchback,Yes,No,Medium,0.00036199414,Low Probability
33,181764.46807315838,73.55392547774422,3,14,16,1,Female,Urban,Sedan,Yes,No,Medium,0.00311764,Low Probability
48,184013.08622257298,65.28515816442945,3,3,16,4,Other,Suburban,Truck,No,No,Low,0.014603664,Low Probability
25,159304.21338855108,36.78713551701003,4,11,3,5,Other,Suburban,SUV,No,No,Medium,0.015122312,Low Probability
69,171338.73335476394,76.01830515559844,2,6,3,5,Female,Rural,Sedan,Yes,Yes,Low,0.95750844,Very High Probability
28,178532.4896468106,46.30264137627637,1,13,7,3,Male,Rural,Truck,Yes,Yes,Medium,0.18886021,Low Probability
47,171480.9335886401,56.173324103212565,1,6,17,4,Other,Suburban,Sedan,No,No,Medium,0.008358605,Low Probability
53,34650.19083430912,43.635822654846635,3,6,2,5,Male,Suburban,Hatchback,No,Yes,High,0.0037823722,Low Probability
31,120202.62562788682,21.296912492975434,4,8,2,3,Male,Urban,SUV,No,No,Medium,0.0026758194,Low Probability
61,123841.6008307426,81.69383102496354,4,4,2,3,Other,Suburban,SUV,Yes,No,Low,0.0053472165,Low Probability
38,43886.74497796709,90.09318358945187,2,14,2,3,Female,Urban,SUV,Yes,Yes,Low,0.031788405,Low Probability
65,133517.20360243204,34.92977322072532,2,5,17,3,Other,Urban,Hatchback,Yes,Yes,Low,0.39063722,Moderate Probability
49,113904.02916396008,96.37096982035105,1,11,4,3,Other,Urban,SUV,No,Yes,High,0.007512022,Low Probability
60,140834.5144893432,42.11933529863786,3,6,16,5,Female,Rural,SUV,No,No,High,0.004296827,Low Probability
38,106956.27757013949,93.96782889293235,2,2,11,5,Male,Suburban,Truck,No,Yes,High,0.016613249,Low Probability
28,132890.5390664948,32.182313050759916,3,5,1,5,Male,Suburban,Truck,No,No,High,0.002287193,Low Probability
60,149185.80034002598,96.11674656898029,3,11,16,2,Other,Rural,Hatchback,Yes,No,Medium,0.0022504819,Low Probability
64,81479.89497415113,85.04521009148442,1,13,19,5,Other,Rural,Sedan,Yes,Yes,Low,0.8064526,Very High Probability
48,143550.50182659787,98.48919411082495,4,11,12,1,Other,Rural,Hatchback,No,Yes,High,0.0017004531,Low Probability
66,38116.27558519138,82.1892012835425,4,3,19,5,Female,Suburban,Sedan,No,No,Medium,0.0014816113,Low Probability
50,109807.67202512521,32.66967687373034,3,10,1,4,Other,Rural,SUV,Yes,No,Low,0.01604699,Low Probability
29,145371.36763578438,60.45741662146302,3,14,3,1,Male,Rural,Sedan,Yes,No,High,0.00059303,Low Probability
56,144002.28459844686,91.68648564092602,4,8,5,1,Female,Rural,Truck,Yes,Yes,Medium,0.009947732,Low Probability
67,38467.33151346153,30.662586205119645,4,13,15,1,Female,Urban,Truck,No,No,High,1.5710302e-05,Low Probability
67,82513.20656846432,8.048788559861162,2,12,11,3,Male,Rural,Sedan,No,No,High,0.0002673928,Low Probability
37,41535.75545259316,28.605669715894837,3,10,13,3,Other,Rural,Truck,Yes,Yes,High,0.0021044926,Low Probability
56,176688.5867447896,69.81005663802135,2,5,8,5,Female,Suburban,Truck,Yes,Yes,High,0.1535413,Low Probability
49,147810.07306869907,45.90780887480151,3,5,3,3,Other,Suburban,SUV,No,Yes,Low,0.4936784,Moderate Probability
61,146219.74556156434,38.38360363862991,4,13,9,1,Other,Rural,Sedan,No,No,Medium,0.0004432396,Low Probability
37,185503.43462785496,15.88730258788114,2,1,8,3,Male,Rural,Truck,Yes,Yes,Medium,0.26468766,Moderate Probability
49,175379.78757092668,78.63055993815705,2,0,2,2,Other,Rural,SUV,No,No,Low,0.0036381583,Low Probability
38,162836.01410673442,29.965465953285637,3,10,9,1,Female,Suburban,Hatchback,Yes,No,High,0.00026870452,Low Probability
31,85861.15078793753,69.28409750867054,4,11,7,4,Other,Rural,Truck,No,No,Medium,0.0029763698,Low Probability
43,108191.38933801567,55.07695641603321,3,6,1,4,Other,Suburban,Sedan,No,Yes,High,0.006672821,Low Probability
43,38004.35839129143,84.18187491643027,4,4,17,5,Male,Urban,Hatchback,Yes,Yes,High,0.0073970007,Low Probability
65,150403.85416272614,17.31835198529359,4,0,14,5,Female,Rural,Truck,No,No,Low,0.0686719,Low Probability
29,112297.37242869541,26.908880869060127,3,7,13,3,Female,Urban,SUV,No,No,Low,0.008758786,Low Probability
67,109419.92824131173,33.63887006921517,4,5,0,4,Other,Suburban,Hatchback,Yes,Yes,Medium,0.2194117,Low Probability
55,188306.72748045417,96.69131941734635,1,2,2,2,Female,Urban,Truck,Yes,Yes,High,0.003968639,Low Probability
30,113363.5136219502,41.380432314089596,3,11,10,4,Other,Suburban,Hatchback,No,Yes,High,0.018610673,Low Probability
60,183719.4983185474,70.81853798331088,4,10,7,4,Male,Rural,Hatchback,Yes,No,High,0.0057724616,Low Probability
54,46250.383121763225,76.3792798416797,4,14,17,5,Male,Urban,Truck,No,Yes,Low,0.21140926,Low Probability
44,164820.9813294309,92.96746219495442,1,1,3,4,Other,Suburban,Hatchback,No,No,High,0.0026213133,Low Probability
63,44568.26038868982,74.68381485783807,3,4,0,1,Male,Suburban,Hatchback,Yes,Yes,Low,0.0044222,Low Probability
49,167502.622611753,39.036123681732704,2,2,17,4,Other,Rural,Sedan,Yes,Yes,Medium,0.34438902,Moderate Probability
60,122050.61044029972,10.93695698611004,2,9,7,2,Female,Rural,Hatchback,Yes,Yes,Medium,0.020035615,Low Probability
47,44594.095384462045,75.69415834647363,4,5,5,5,Female,Suburban,Hatchback,Yes,No,Medium,0.0017076973,Low Probability
37,55699.60585933855,44.563218009198536,2,6,19,4,Female,Urban,Truck,No,Yes,Medium,0.060257606,Low Probability
36,108066.31716014227,66.9648898965589,4,8,5,2,Female,Suburban,SUV,No,No,Medium,0.00043483562,Low Probability
58,148936.70255728747,37.87004437610288,2,12,6,2,Male,Suburban,Truck,No,No,High,0.00021497812,Low Probability
35,99535.94196676809,75.9527613351593,2,3,3,4,Other,Rural,Truck,No,Yes,Low,0.38289726,Moderate Probability
40,167340.66691690235,19.190973592483484,2,14,19,3,Male,Rural,Truck,Yes,Yes,Medium,0.14517003,Low Probability
49,151462.3744113327,13.586539587393862,3,0,17,4,Male,Urban,SUV,No,Yes,Low,0.77886534,Very High Probability
55,79983.56759917756,78.77398902390057,1,14,5,5,Female,Urban,Sedan,No,No,High,0.000756265,Low Probability
34,185146.1181395949,46.86785928976206,4,14,6,2,Male,Urban,Sedan,Yes,Yes,Low,0.07130971,Low Probability
66,118610.8272026723,40.763635550122615,3,14,2,3,Male,Suburban,SUV,No,No,Medium,0.0016511459,Low Probability
28,114468.28659958711,38.55444626823536,2,14,10,2,Female,Urban,Truck,Yes,Yes,Medium,0.024306398,Low Probability
31,134115.4772095086,56.606029168832556,1,9,12,3,Female,Urban,Truck,Yes,Yes,Low,0.49830103,Moderate Probability
33,126245.84690718584,60.74976538273383,3,9,8,4,Female,Suburban,Hatchback,Yes,No,Low,0.019049136,Low Probability
51,84297.12936805366,66.2380946303648,4,9,12,2,Male,Suburban,Sedan,Yes,No,Medium,0.00011745359,Low Probability
25,84876.03390369826,75.45990686939791,3,7,12,2,Female,Urban,Sedan,No,Yes,Low,0.014547551,Low Probability
63,68216.13465763172,38.550047807977016,3,14,19,1,Other,Suburban,SUV,Yes,No,Low,0.00042646704,Low Probability
59,81547.41540919014,12.81711717044406,4,11,13,2,Female,Rural,Truck,Yes,Yes,Medium,0.019396067,Low Probability
29,157301.50503413146,37.306600620149936,1,2,5,4,Male,Urban,SUV,Yes,No,Medium,0.0065445206,Low Probability
41,35541.78622909678,59.45584763225722,4,13,1,3,Male,Urban,Truck,Yes,No,High,9.277128e-05,Low Probability
59,125009.24430673207,62.75603149024344,1,6,1,1,Female,Urban,Sedan,No,No,High,3.201006e-05,Low Probability
45,100976.68022473103,86.9624150632308,1,13,3,1,Female,Suburban,Truck,Yes,Yes,Medium,0.0022101435,Low Probability
46,151607.96250571468,84.43687051936358,3,7,7,5,Other,Urban,Hatchback,No,Yes,Low,0.93782675,Very High Probability
25,67118.32910767966,51.65805762309538,4,4,12,1,Other,Suburban,Sedan,No,Yes,Medium,0.0015569171,Low Probability
37,142416.8803327725,9.514360891000337,2,2,4,1,Male,Rural,Truck,Yes,No,Medium,0.00040395837,Low Probability
32,164729.97146939908,54.591535281296764,3,11,12,2,Male,Suburban,Truck,Yes,No,High,0.00031718594,Low Probability
46,184470.16145888084,87.04158418839299,1,7,16,4,Female,Rural,Truck,No,Yes,Low,0.7213112,High Probability
28,129917.27726679879,15.628310612112399,2,13,5,3,Other,Rural,Hatchback,Yes,No,Medium,0.010006851,Low Probability
67,140040.49192040425,49.74879942887713,1,10,12,2,Male,Suburban,Truck,Yes,Yes,Low,0.06349092,Low Probability
37,31423.315306697565,78.96362791678048,2,2,19,5,Other,Urban,SUV,No,No,High,0.00032370337,Low Probability
42,58451.399273260686,52.65402401851756,2,5,8,2,Other,Suburban,Truck,No,No,Low,0.00028526055,Low Probability
62,111116.89963140093,93.12574989278122,4,2,15,5,Male,Suburban,SUV,Yes,No,High,0.0036782217,Low Probability
29,178056.83991192028,89.95658204023572,4,4,14,1,Other,Urban,Truck,Yes,No,Low,0.0029515645,Low Probability
64,156154.4209934075,95.64888172714544,2,8,15,2,Male,Suburban,Sedan,Yes,Yes,Low,0.11369784,Low Probability
34,115639.73022718243,68.4094471362101,1,2,18,5,Other,Urban,Hatchback,No,No,High,0.0017038165,Low Probability
69,49957.603413387245,20.996522703193122,1,1,7,1,Male,Suburban,SUV,Yes,Yes,Medium,0.0011156937,Low Probability
43,120247.9556829108,10.78013488841782,2,10,11,1,Female,Urban,Hatchback,Yes,No,Low,0.00037250467,Low Probability
35,45646.19097819044,5.035824876239237,4,4,9,3,Other,Suburban,SUV,No,Yes,Low,0.049116947,Low Probability
28,115840.90774989549,57.051507583782744,1,11,15,4,Female,Urban,Truck,No,No,Low,0.016692234,Low Probability
45,59388.369032394265,87.29809883498267,3,1,7,1,Male,Rural,SUV,No,No,Medium,8.3204875e-05,Low Probability
32,178466.57920580692,88.83539736466686,1,11,5,2,Other,Rural,Hatchback,Yes,Yes,High,0.008873451,Low Probability
57,65940.07385294908,49.84778145913764,3,1,9,1,Female,Rural,Hatchback,No,No,Low,7.243006e-05,Low Probability
68,117742.98438065613,97.93121866196938,3,13,3,3,Other,Rural,Hatchback,Yes,Yes,Low,0.46570167,Moderate Probability
62,168583.23792634203,67.01608322501335,1,1,6,4,Other,Suburban,Truck,No,No,High,0.0015659987,Low Probability
52,131230.15070343754,87.16112601639986,3,7,2,2,Female,Urban,Hatchback,Yes,No,High,0.00015365248,Low Probability
62,140290.10576430804,28.993116702105095,2,8,13,1,Other,Suburban,Hatchback,No,Yes,Low,0.029071901,Low Probability
52,149728.97393185066,48.74695341181861,1,11,17,4,Female,Suburban,Truck,Yes,Yes,High,0.05523005,Low Probability
42,169012.10762766728,47.903409561574115,2,1,7,2,Male,Urban,Sedan,No,No,High,0.00012497655,Low Probability
25,117047.70113085854,69.62851570902357,1,14,17,4,Male,Suburban,Truck,Yes,No,Medium,0.005559932,Low Probability
26,160301.3262836013,67.78456702649174,2,12,12,5,Male,Rural,Truck,No,No,High,0.005094933,Low Probability
51,139782.68404713995,94.6489882353265,1,5,15,4,Male,Rural,Hatchback,No,No,Low,0.02118155,Low Probability
42,74862.47163682958,5.478656934018298,1,14,6,4,Male,Urban,Truck,No,Yes,High,0.008119149,Low Probability
40,59344.39834757992,8.044702934723347,2,13,9,2,Female,Suburban,SUV,No,Yes,Low,0.013281465,Low Probability
34,172420.2926163007,78.1065097592848,1,13,0,4,Male,Rural,SUV,No,Yes,Low,0.7250037,High Probability
48,180373.59429422373,51.615960349698476,4,1,6,3,Male,Suburban,Sedan,No,No,High,0.00066265475,Low Probability
57,45293.17232178495,55.757084822126075,1,12,8,5,Other,Urban,Hatchback,Yes,Yes,Medium,0.1300194,Low Probability
34,50033.94647678397,31.60068715298293,4,10,17,2,Male,Urban,SUV,No,No,Medium,7.565384e-05,Low Probability
58,37196.25885671301,16.289909772893942,1,5,16,1,Male,Rural,SUV,Yes,No,High,2.3555123e-05,Low Probability
36,142486.6826731399,10.725769593356684,4,10,4,1,Male,Urban,Truck,No,Yes,Medium,0.020683419,Low Probability
55,126613.30065389961,28.050461345342782,3,9,12,4,Other,Suburban,Sedan,Yes,No,Medium,0.008962246,Low Probability
52,67236.2729613678,14.75231533544742,2,11,19,4,Male,Urban,Sedan,No,Yes,Low,0.33890423,Moderate Probability
52,135608.10952011892,59.15816248118146,2,0,5,5,Other,Urban,Hatchback,No,Yes,High,0.047465984,Low Probability
63,127023.250414738,20.03239896857003,4,5,5,5,Female,Suburban,Truck,No,Yes,Medium,0.5667982,High Probability
68,41301.667291683596,22.276634789341113,4,7,3,5,Other,Urban,SUV,No,No,High,0.00016020608,Low Probability
59,167361.40821819208,68.44765710806267,2,7,7,3,Female,Urban,Sedan,No,Yes,Medium,0.07616533,Low Probability
28,126419.97445552216,89.94659238974592,2,6,6,2,Female,Rural,Hatchback,Yes,No,High,0.00017773425,Low Probability
66,97355.32070789367,7.129572001831144,4,4,7,3,Male,Suburban,SUV,Yes,Yes,Low,0.15950815,Low Probability
62,176515.0628676972,9.084706008370462,2,8,16,1,Male,Urban,Sedan,Yes,Yes,Low,0.038205154,Low Probability
33,166854.59871185225,6.729458564980905,3,12,11,5,Male,Rural,SUV,Yes,No,Medium,0.024818547,Low Probability
59,76857.30122402619,53.51332930555334,3,2,17,5,Male,Urban,Sedan,No,No,Medium,0.0021576018,Low Probability
47,95970.41295318442,91.67748197706133,3,14,16,4,Male,Urban,Truck,No,No,Medium,0.0038063335,Low Probability
57,126010.75943048015,6.536898236073499,3,5,9,4,Other,Suburban,Sedan,No,Yes,High,0.016308771,Low Probability
45,170519.6309727324,55.84028992149914,4,9,0,1,Male,Urban,Hatchback,No,Yes,High,0.0023239285,Low Probability
35,95137.77958141238,54.8108501886529,2,7,11,3,Other,Rural,Hatchback,No,No,Medium,0.0017006008,Low Probability
30,93095.61673795049,50.72291756744828,2,0,14,3,Female,Urban,SUV,Yes,Yes,Low,0.22417264,Low Probability
47,73650.72662731417,46.31847397679444,2,10,5,4,Female,Urban,SUV,No,Yes,High,0.00435371,Low Probability
55,93634.08011563138,66.8985418850848,4,8,18,3,Male,Rural,Hatchback,Yes,Yes,Low,0.039031792,Low Probability
62,74461.86075510138,92.44656759777735,2,0,8,3,Male,Suburban,SUV,No,No,Low,0.0035645273,Low Probability
39,30576.67800704255,9.019067530848119,1,5,8,3,Male,Rural,SUV,Yes,Yes,High,0.0023959053,Low Probability
64,128190.67211190864,56.161977146813776,3,11,9,3,Female,Urban,SUV,No,Yes,Low,0.5260479,High Probability
65,108548.58707588151,45.58920459630012,4,1,0,3,Male,Suburban,SUV,No,No,High,0.00017123397,Low Probability
40,102587.97157779943,22.20882264651075,4,1,15,2,Other,Urban,Sedan,No,Yes,Medium,0.008416843,Low Probability
58,120391.57046657684,66.27761003073394,1,9,10,1,Female,Urban,SUV,Yes,Yes,High,0.0005769511,Low Probability
60,87000.08374516458,14.214700666972798,3,14,7,4,Male,Suburban,Sedan,Yes,Yes,High,0.024070326,Low Probability
33,183770.3236221306,28.86012382362284,1,10,0,3,Other,Suburban,Hatchback,Yes,No,Medium,0.0034925484,Low Probability
52,186292.48240917033,42.824662454565626,4,12,14,5,Female,Suburban,Truck,Yes,No,High,0.006418883,Low Probability
29,185132.77238620902,98.67444396410949,3,0,11,4,Female,Urban,Truck,No,No,Low,0.03070717,Low Probability
57,97197.5175265779,95.2329705053448,1,14,3,4,Male,Rural,Hatchback,Yes,No,Medium,0.003244339,Low Probability
40,92122.13078323514,28.343926874388714,4,6,2,2,Other,Rural,Sedan,Yes,Yes,High,0.0019471977,Low Probability
54,77355.3746313676,83.64092682883236,4,0,1,4,Female,Suburban,Hatchback,No,No,High,0.00019839065,Low Probability
39,86824.16821636749,90.37201426741396,3,13,4,4,Male,Rural,Sedan,No,Yes,Low,0.36540157,Moderate Probability
67,73885.83240844634,70.72660434588077,1,9,16,1,Other,Urban,SUV,Yes,No,Low,0.00022779801,Low Probability
28,134535.70154819562,91.23384885244413,2,14,0,3,Female,Urban,SUV,No,No,Medium,0.004100078,Low Probability
62,152333.65002171672,52.06845326809035,2,9,10,3,Female,Rural,Hatchback,No,No,High,0.0006862995,Low Probability
41,90755.74702444808,24.13727697015041,4,5,16,1,Male,Urban,Truck,Yes,Yes,Medium,0.0026628922,Low Probability
47,119891.0399894049,60.108029758010865,1,8,10,2,Female,Suburban,SUV,No,No,Medium,0.00035298124,Low Probability
42,37230.46891330885,23.091112526180734,2,2,0,5,Other,Suburban,Sedan,No,Yes,Low,0.29064077,Moderate Probability
48,30137.675512137263,8.376523139279957,2,13,2,1,Other,Urban,Hatchback,No,Yes,Low,0.0024171793,Low Probability
60,108984.9223740705,45.50257844482784,3,14,1,1,Female,Suburban,Sedan,Yes,No,Medium,0.00015864149,Low Probability
34,56300.587045081855,6.383342341270182,4,5,4,2,Male,Urban,Truck,Yes,No,Low,0.0006554699,Low Probability
56,126099.74557945508,51.91853745119099,1,13,9,3,Female,Rural,Hatchback,Yes,No,Medium,0.0032067173,Low Probability
61,98029.86911015131,85.6884570752187,2,13,17,4,Other,Urban,SUV,Yes,Yes,High,0.016392918,Low Probability
34,122828.14503874384,26.15786417317261,1,4,9,5,Other,Suburban,Hatchback,No,No,High,0.0009832821,Low Probability
26,76576.43639879058,30.511348676202395,2,12,2,4,Male,Suburban,SUV,No,Yes,Medium,0.08972929,Low Probability
43,182064.9352777768,98.47106467391495,1,7,10,5,Female,Suburban,Sedan,No,Yes,Medium,0.7053105,High Probability
33,47250.53089430301,90.32096963988347,2,5,12,3,Male,Urban,Sedan,No,No,Low,0.0002897521,Low Probability
65,149587.00059606426,65.34829509731807,1,12,3,4,Male,Rural,SUV,Yes,Yes,Low,0.4924879,Moderate Probability
39,39385.559629691445,55.004909776597636,4,8,14,2,Other,Suburban,Truck,No,No,Low,0.000104332794,Low Probability
50,41010.047210202916,77.88182120243316,2,8,17,3,Female,Urban,Sedan,No,No,Medium,0.00011927927,Low Probability
36,149949.9587410962,67.01098361090567,3,3,7,1,Other,Urban,Truck,No,Yes,Medium,0.004909044,Low Probability
57,162801.35026920572,25.100916421513524,1,12,15,5,Other,Urban,Truck,Yes,Yes,Low,0.91676444,Very High Probability
27,39741.96208778192,58.931084395148545,3,12,1,1,Other,Suburban,Hatchback,Yes,Yes,Low,0.0018704208,Low Probability
67,147529.61195215947,75.1023500518698,1,1,0,3,Male,Rural,Hatchback,Yes,No,High,0.0010384535,Low Probability
37,69475.21827761162,55.318494043080015,4,2,1,5,Male,Suburban,Sedan,Yes,Yes,Low,0.7472319,High Probability
31,95427.12221379847,19.5758899602231,1,3,18,1,Female,Suburban,Hatchback,No,Yes,Low,0.0052781664,Low Probability
63,75872.14760511981,25.464418314742442,4,10,18,5,Other,Suburban,Truck,No,No,High,0.0008281802,Low Probability
51,145095.92220960424,16.01367365977453,1,3,6,2,Male,Urban,Hatchback,Yes,Yes,High,0.002491019,Low Probability
66,91611.19348490267,19.765980308354457,3,13,7,3,Male,Urban,SUV,No,Yes,High,0.007718619,Low Probability
42,80683.81389732994,85.29451061728167,1,14,14,3,Male,Urban,SUV,No,No,Low,0.0021984116,Low Probability
35,50803.010856846326,18.27036581074039,4,0,0,1,Male,Suburban,Hatchback,No,No,Low,0.00018557718,Low Probability
49,134755.03125843446,48.840729573720466,1,0,9,4,Other,Urban,Truck,No,No,Medium,0.005462312,Low Probability
42,108398.41144192948,36.23655449746583,3,0,12,1,Female,Urban,Sedan,Yes,No,Low,0.00046272334,Low Probability
52,152543.8969119682,75.7424154027277,4,0,13,3,Male,Urban,Sedan,No,No,High,0.00091317575,Low Probability
26,136477.0366893856,5.277719221792392,4,1,9,2,Female,Urban,Sedan,No,Yes,High,0.002497394,Low Probability
26,46013.579759234206,32.98405007240869,1,6,18,2,Other,Rural,SUV,No,Yes,High,0.00047453959,Low Probability
30,177146.94291246994,22.96376883008922,1,0,9,5,Female,Suburban,SUV,No,No,Low,0.08551696,Low Probability
38,144198.0379849904,10.547358839189066,1,12,7,3,Other,Urban,Hatchback,No,Yes,High,0.030981824,Low Probability
52,32371.784176836158,57.245154408129615,1,2,18,1,Male,Rural,Truck,Yes,Yes,Medium,0.00058685837,Low Probability
47,50113.29600124398,88.11460033504848,4,14,0,1,Female,Urban,SUV,No,Yes,Low,0.0017909075,Low Probability
63,97016.5135834408,91.62360988328223,3,12,17,3,Male,Urban,Truck,No,No,Low,0.0020595635,Low Probability
49,140250.95425678714,18.34950213041195,4,9,5,1,Female,Urban,Sedan,Yes,Yes,High,0.0030139727,Low Probability
33,187423.0572518271,28.679824232250503,1,14,5,1,Other,Suburban,SUV,No,Yes,Medium,0.011471724,Low Probability
32,142043.8161279292,68.39820664129326,3,14,14,3,Other,Rural,Truck,Yes,Yes,Low,0.25385413,Moderate Probability
27,184866.00277105268,44.32684020326236,4,1,10,3,Other,Rural,SUV,Yes,No,Medium,0.0051841317,Low Probability
52,152976.1239777414,10.228961582580336,1,1,7,4,Female,Urban,SUV,No,No,High,0.0013427932,Low Probability
63,33666.3111895666,35.97826840091618,2,9,16,5,Male,Suburban,Hatchback,No,Yes,Medium,0.08480178,Low Probability
48,69676.06845502424,12.44326155748031,1,6,15,4,Other,Rural,Hatchback,No,Yes,High,0.014717026,Low Probability
25,128901.8983203664,90.09045212827284,3,6,1,2,Male,Urban,SUV,No,No,High,0.00041068965,Low Probability
60,186057.14326929077,82.6499741726066,3,13,10,5,Male,Suburban,Hatchback,No,No,Medium,0.04000794,Low Probability
32,62509.39251696463,50.44991961735506,2,12,14,1,Male,Urban,SUV,Yes,Yes,Medium,0.0007305942,Low Probability
47,139621.10685168745,15.318790563977812,4,8,8,1,Other,Urban,Sedan,Yes,No,Low,0.0013222934,Low Probability
35,102291.67127244701,17.275234163711943,2,6,2,5,Other,Suburban,Hatchback,No,No,High,0.00102831,Low Probability
31,105810.99603340546,21.489986977049504,1,13,1,1,Other,Suburban,Hatchback,No,Yes,Medium,0.0050494242,Low Probability
30,91693.55928652006,74.12463685105443,3,14,16,5,Male,Suburban,SUV,No,Yes,Medium,0.28530753,Moderate Probability
44,120156.59889874999,16.58951297215539,2,13,9,4,Female,Rural,SUV,No,Yes,High,0.013127329,Low Probability
42,176183.30430590396,19.869560597073203,1,5,14,3,Male,Rural,Truck,Yes,No,High,0.0019393254,Low Probability
45,163334.91244338482,69.06991313323671,2,2,19,1,Male,Rural,Truck,Yes,Yes,Medium,0.0049275467,Low Probability
27,165647.57643425814,31.918210475660697,2,0,1,3,Female,Rural,Hatchback,Yes,No,High,0.0009438866,Low Probability
27,158916.78323743687,78.81786466856974,2,0,5,5,Female,Urban,Hatchback,Yes,No,Medium,0.034612022,Low Probability
67,39027.566098712006,50.92846605932251,2,2,6,1,Other,Suburban,Hatchback,No,Yes,High,8.3922336e-05,Low Probability
68,116932.21872488236,14.862763273865692,2,6,14,2,Female,Rural,Sedan,No,No,Medium,0.00053169235,Low Probability
53,105343.5310152174,79.35693504788196,3,4,0,5,Male,Suburban,Truck,Yes,Yes,Medium,0.42523652,Moderate Probability
67,145252.4563723125,46.66630324050048,3,4,19,5,Other,Urban,SUV,Yes,No,Low,0.0743924,Low Probability
28,30662.345229913306,37.375617637773715,4,8,5,1,Female,Suburban,SUV,Yes,No,Low,0.00015330751,Low Probability
34,188375.84573334054,33.50905119460855,3,7,8,4,Male,Urban,SUV,Yes,Yes,High,0.04688701,Low Probability
37,108955.62593967895,26.30589228548491,3,14,6,3,Male,Rural,SUV,No,No,Low,0.005625464,Low Probability
59,76392.00095172963,14.844764904377575,4,2,7,4,Male,Urban,SUV,Yes,Yes,High,0.012090837,Low Probability
38,64371.89031172158,81.71085045900493,3,7,2,4,Female,Urban,Sedan,Yes,No,Low,0.0015568421,Low Probability
46,165376.4813945118,36.60155646766235,4,1,0,3,Other,Suburban,Sedan,Yes,No,Low,0.009721234,Low Probability
57,134846.1784195967,27.968614237929124,4,3,0,5,Female,Urban,Hatchback,No,Yes,Low,0.8691551,Very High Probability
58,148215.27580288635,25.06385946270914,4,9,16,1,Male,Suburban,SUV,No,No,Low,0.0007790629,Low Probability
58,183898.2567124437,8.901762180864882,1,13,4,1,Other,Rural,Sedan,Yes,Yes,Low,0.048596792,Low Probability
41,139342.71542990045,31.26788338614975,3,3,11,4,Female,Urban,Hatchback,Yes,No,Low,0.019921059,Low Probability
47,72615.50373759668,71.18345007137825,1,6,1,3,Female,Suburban,Hatchback,Yes,Yes,High,0.001481962,Low Probability
46,118476.7562143114,6.428576284536365,2,6,8,1,Other,Suburban,SUV,Yes,No,Low,0.0005143242,Low Probability
53,40640.67291192438,65.94682152848475,1,10,19,4,Female,Suburban,SUV,No,No,Low,0.0008780818,Low Probability
55,162567.4802211056,40.13481855063717,3,2,10,1,Male,Urban,Sedan,No,No,High,9.693293e-05,Low Probability
41,131583.7647807637,18.676299458555558,3,0,16,2,Female,Rural,Hatchback,No,Yes,Medium,0.008434132,Low Probability
56,145082.2167347889,16.538419701096153,4,4,16,5,Female,Rural,Truck,Yes,Yes,High,0.15768889,Low Probability
37,124632.46124923663,18.817306486098452,1,14,0,5,Other,Urban,Truck,Yes,Yes,High,0.060180902,Low Probability
36,156999.46545752115,57.86934704405225,1,3,13,4,Other,Suburban,Truck,No,No,Low,0.020592298,Low Probability
46,183658.52745520545,69.21196854931782,2,6,9,2,Other,Urban,Truck,No,Yes,High,0.0030298838,Low Probability
29,79769.16455914485,67.43928568012541,3,8,12,5,Other,Urban,Hatchback,No,No,Medium,0.0026416085,Low Probability
29,174986.32577671696,97.36190533924501,1,11,12,2,Male,Suburban,SUV,Yes,Yes,Low,0.19810323,Low Probability
43,94314.11500529115,17.158018385129537,1,5,10,5,Female,Rural,Sedan,Yes,Yes,Low,0.8083889,Very High Probability
49,127830.6332082865,10.658624338293544,2,5,11,3,Male,Suburban,Sedan,No,Yes,High,0.015631327,Low Probability
48,170478.91918482928,66.71422818914459,1,6,13,2,Female,Urban,Hatchback,Yes,No,Medium,0.0007252512,Low Probability
39,46071.45998324158,35.57859924855533,2,11,13,1,Other,Suburban,Truck,No,Yes,High,0.00030588655,Low Probability
29,114950.5919668214,31.019542633394906,4,14,13,5,Female,Suburban,SUV,Yes,Yes,Low,0.82400626,Very High Probability
60,136372.7836026987,79.06486094354808,1,5,7,2,Female,Suburban,Hatchback,No,Yes,Medium,0.0145044075,Low Probability
52,73383.47982268954,9.771851566896434,4,14,17,3,Female,Rural,Hatchback,No,Yes,Low,0.0973451,Low Probability
69,56514.58737203528,15.193559675462811,2,2,15,1,Female,Suburban,SUV,No,No,Medium,0.00021180531,Low Probability
33,147225.17494632985,91.22856889469358,2,1,4,5,Female,Urban,SUV,Yes,No,Low,0.09509951,Low Probability
61,67867.19869100658,24.44075543768653,4,4,14,3,Male,Rural,Hatchback,No,Yes,Medium,0.043192577,Low Probability
40,101364.51546425767,96.88967509433166,1,1,11,2,Other,Urban,Hatchback,Yes,No,Medium,0.0014501137,Low Probability
42,40977.94040169334,44.949897396110124,2,6,11,5,Male,Urban,Sedan,Yes,No,High,0.00028363994,Low Probability
27,99711.06131830942,17.86096916914647,4,7,10,3,Female,Rural,Sedan,No,No,Medium,0.0019013468,Low Probability
58,133797.0154043457,9.07499176647685,1,14,19,3,Other,Rural,Hatchback,Yes,Yes,High,0.031528994,Low Probability
53,129436.96235945335,37.3836934526132,3,1,17,3,Male,Urban,Hatchback,Yes,No,High,0.0006821025,Low Probability
62,161735.516534989,84.15928902326547,1,4,4,3,Other,Rural,SUV,No,No,High,0.00090745045,Low Probability
35,101057.59024487835,53.179034959330835,3,4,3,4,Other,Rural,SUV,Yes,No,Low,0.011631225,Low Probability
34,106342.54957487814,43.911068496684976,3,1,16,2,Female,Rural,Sedan,No,No,High,5.593281e-05,Low Probability
62,102630.14394811982,53.28171441452776,1,11,8,4,Female,Rural,SUV,No,No,High,0.0005335342,Low Probability
63,74198.92828812925,75.94233147465876,2,6,8,5,Other,Urban,Truck,No,No,Medium,0.008615882,Low Probability
54,42471.82334914416,5.410296294405606,1,11,10,4,Male,Rural,Hatchback,Yes,No,Medium,0.0013360546,Low Probability
41,94616.02478109978,75.61779286894263,2,1,17,5,Other,Suburban,Hatchback,No,No,Low,0.06603233,Low Probability
58,145912.67354036932,38.676725113784435,3,5,14,1,Other,Urban,Hatchback,No,No,Medium,0.00042453184,Low Probability
51,177631.66644777698,76.21610187845512,2,3,3,4,Male,Suburban,Hatchback,No,No,High,0.0015232651,Low Probability
63,120952.478271744,33.733635891199285,2,13,2,4,Male,Rural,Hatchback,No,Yes,High,0.011533545,Low Probability
47,100168.25270647822,89.26527326392123,1,1,3,1,Other,Suburban,Hatchback,No,Yes,High,0.00039808103,Low Probability
43,107946.83205046345,67.85034665172478,2,5,5,1,Male,Suburban,Sedan,No,Yes,Low,0.0055929283,Low Probability
50,33018.07207272394,25.814597347820005,3,6,4,4,Other,Urban,Hatchback,No,Yes,Low,0.09435137,Low Probability
66,187198.1221499511,22.960195531147313,3,5,6,5,Other,Rural,Sedan,Yes,Yes,Medium,0.65547675,High Probability
60,93021.96889232984,88.25648175856345,4,14,14,1,Female,Suburban,Sedan,No,No,Medium,0.00011454163,Low Probability
54,112567.58979507553,13.535329348208176,1,8,11,5,Female,Suburban,SUV,Yes,Yes,Low,0.950589,Very High Probability
49,125140.70832143782,54.18866380295189,2,1,13,2,Female,Urban,Hatchback,Yes,Yes,Low,0.094882734,Low Probability
37,105861.81996220889,46.1078128485548,3,5,3,5,Other,Rural,Sedan,Yes,No,Medium,0.009644713,Low Probability
36,187555.66479981458,34.96650851842366,4,11,17,1,Other,Suburban,Hatchback,Yes,Yes,Low,0.047341418,Low Probability
46,67331.59638954626,70.49473955961795,1,7,0,2,Male,Rural,Sedan,Yes,No,Low,0.00025953335,Low Probability
33,177070.3700867383,72.29942861888728,4,7,7,3,Male,Urban,Sedan,No,Yes,High,0.024198724,Low Probability
45,35791.83446448919,25.978412291802325,1,13,13,3,Other,Rural,Truck,No,Yes,High,0.0020999368,Low Probability
50,144343.90812728077,54.04216644481737,2,4,11,5,Male,Urban,Hatchback,No,No,High,0.0028029778,Low Probability
58,62240.63326781835,53.68666295891482,4,4,17,1,Other,Urban,Truck,No,Yes,Low,0.0032162268,Low Probability
34,67611.50047216442,12.452919256208917,3,7,6,1,Male,Suburban,Sedan,Yes,No,Medium,0.00025356835,Low Probability
26,70230.34251178673,97.09276714938437,3,9,18,2,Female,Rural,Truck,Yes,Yes,Medium,0.0069506243,Low Probability
69,157498.74079979307,61.78790374119322,2,1,17,1,Female,Suburban,Hatchback,Yes,No,Low,0.002015733,Low Probability
49,125306.13210987263,43.242415219075966,1,5,15,3,Male,Urban,Truck,Yes,Yes,Low,0.36901516,Moderate Probability
61,70022.27146282319,83.81298681896577,4,13,2,3,Male,Suburban,Sedan,No,Yes,Medium,0.02271251,Low Probability
41,40999.0184338344,24.180917986674075,4,9,9,2,Female,Urban,Sedan,No,No,High,1.5575806e-05,Low Probability
64,108945.77359210493,11.915793631650814,4,0,19,1,Female,Urban,Truck,Yes,No,High,0.00025928154,Low Probability
58,105444.57801021088,9.600607349027559,1,5,9,4,Male,Suburban,Sedan,No,Yes,Low,0.37227765,Moderate Probability
60,122406.14988636177,24.195423136787582,4,11,3,4,Other,Rural,Hatchback,Yes,Yes,High,0.025735628,Low Probability
25,78083.35988827588,47.46105900395567,2,13,3,4,Other,Suburban,Sedan,No,No,High,0.0005549489,Low Probability
65,156207.0726175688,68.52648341969001,1,1,8,2,Female,Rural,Hatchback,Yes,Yes,Low,0.051641285,Low Probability
42,103873.6554010672,42.62249989119486,2,1,12,5,Other,Rural,SUV,Yes,No,Medium,0.0069771134,Low Probability
47,164105.65384314195,33.56490254514511,2,13,4,5,Female,Rural,Truck,No,Yes,Low,0.8902594,Very High Probability
37,41773.82806220718,56.0965963619752,4,6,8,2,Female,Rural,Truck,Yes,No,Low,0.00014005671,Low Probability
38,103751.70545723964,12.417053268462201,1,1,12,3,Other,Suburban,SUV,Yes,Yes,Medium,0.15318432,Low Probability
38,87699.16294806064,10.662661477962871,3,13,11,4,Female,Rural,SUV,No,No,Low,0.009869493,Low Probability
43,112824.55416818926,75.09361784378763,2,1,12,5,Other,Suburban,Hatchback,No,Yes,High,0.035640948,Low Probability
46,128984.76967801273,60.44339411162117,2,13,19,3,Male,Urban,Truck,No,No,Low,0.009369898,Low Probability
41,73841.24877950302,74.67536003057202,4,14,7,5,Other,Rural,Truck,Yes,Yes,Low,0.620429,High Probability
27,72960.97212052267,49.39096106923164,2,3,4,1,Male,Rural,Hatchback,No,No,Low,0.00030540998,Low Probability
40,181627.07557258435,10.306978898886301,3,11,19,3,Male,Suburban,Hatchback,No,Yes,Medium,0.22086005,Low Probability
56,52243.70716592009,60.571803703637734,4,14,15,5,Male,Rural,Truck,No,No,High,0.00037747197,Low Probability
40,142342.94712926622,31.454359979994585,1,0,16,1,Male,Rural,Hatchback,No,Yes,Low,0.014813612,Low Probability
39,115298.68240593777,90.62491783193768,2,5,9,4,Female,Urban,Sedan,Yes,Yes,Low,0.62504226,High Probability
63,148579.29561937583,61.49665159747375,3,8,13,5,Other,Urban,Truck,Yes,Yes,Medium,0.58710283,High Probability
43,63452.046638376894,11.857360163825302,4,0,11,2,Male,Suburban,Sedan,Yes,No,High,0.000109069944,Low Probability
30,43095.988604100006,82.70343483615898,1,8,8,2,Male,Urban,Sedan,No,Yes,High,0.00012873372,Low Probability
41,49969.42221073706,51.65350056409356,4,10,0,5,Other,Suburban,Hatchback,No,Yes,Low,0.20057945,Low Probability
28,101446.53347266324,40.20326580432522,3,5,14,5,Female,Urban,Sedan,Yes,Yes,Medium,0.4679552,Moderate Probability
63,183616.90629769897,41.6568820146381,4,6,15,4,Other,Suburban,SUV,No,Yes,Medium,0.21824035,Low Probability
25,78376.78863575804,20.6379353121365,1,5,13,4,Other,Rural,Sedan,Yes,No,Medium,0.0036442266,Low Probability
58,125153.59581512406,25.105299544499367,2,3,2,5,Female,Rural,Sedan,Yes,No,Medium,0.009005438,Low Probability
51,49160.44286576753,16.474690242577935,2,7,5,4,Male,Rural,Hatchback,No,Yes,Low,0.10086974,Low Probability
39,103491.11553561973,82.33748284918856,3,12,1,3,Female,Rural,Hatchback,No,No,High,0.00040618298,Low Probability
36,111975.10955831694,8.407362535869039,3,6,2,5,Other,Urban,Hatchback,No,Yes,High,0.035261434,Low Probability
51,110272.72628014097,27.592765307312323,1,3,15,5,Female,Rural,SUV,No,Yes,High,0.033812262,Low Probability
55,144444.86597473943,21.42315266953261,1,7,13,3,Male,Urban,Sedan,No,Yes,High,0.015637863,Low Probability
69,71911.76026072796,40.82162028833118,4,7,17,3,Male,Urban,Hatchback,No,No,High,0.0002278904,Low Probability
25,63426.764394778824,9.250370084175124,4,9,11,4,Male,Rural,Hatchback,Yes,No,High,0.0005182938,Low Probability
41,95504.00528129682,81.27946154803416,3,0,1,4,Female,Suburban,Hatchback,Yes,No,Low,0.009748849,Low Probability
68,176477.65570323964,51.92373666702251,2,10,15,4,Other,Rural,Truck,No,Yes,Low,0.5700398,High Probability
63,124906.26783638929,90.5210418083238,4,12,1,4,Male,Suburban,Hatchback,Yes,No,Medium,0.013893989,Low Probability
29,167881.66527424855,60.4491191096158,1,9,16,2,Other,Urban,Sedan,No,Yes,Medium,0.036249287,Low Probability
30,71817.3252581514,31.296724386776543,4,7,2,1,Other,Urban,Sedan,Yes,No,Medium,0.00031866104,Low Probability
46,133455.35726049135,10.394676407483797,3,5,13,2,Female,Suburban,Sedan,No,Yes,Low,0.11859176,Low Probability
59,31096.709943157242,73.88351731510302,1,7,10,5,Other,Rural,Truck,Yes,No,Low,0.004479212,Low Probability
51,180777.85568966885,79.21567446467397,2,9,15,4,Other,Suburban,Sedan,No,Yes,Low,0.7917358,Very High Probability
56,95464.71164378486,10.050931070823456,3,10,13,1,Female,Urban,Truck,Yes,Yes,High,0.0005851461,Low Probability
65,181168.53145646636,48.913485682270874,4,1,10,5,Male,Rural,Hatchback,Yes,Yes,Low,0.8780546,Very High Probability
61,141363.1332321957,98.64895449161207,4,8,19,4,Male,Rural,Hatchback,No,No,Low,0.019511748,Low Probability
52,176188.03179591688,53.883045299698466,2,12,11,5,Other,Suburban,SUV,Yes,Yes,High,0.13756494,Low Probability
64,110040.28616427166,91.11871512377701,3,7,15,3,Other,Rural,Truck,Yes,Yes,Low,0.3932029,Moderate Probability
50,146124.54981421813,85.86769542860475,2,13,0,3,Male,Suburban,Hatchback,Yes,Yes,Medium,0.1680552,Low Probability
34,30275.2115327751,71.8933488923514,1,1,15,4,Male,Urban,Truck,No,No,High,9.892797e-05,Low Probability
45,33682.52432212861,37.546100808583354,1,12,3,3,Other,Rural,SUV,Yes,Yes,Low,0.044807184,Low Probability
49,73466.11630747598,18.436581035169194,4,8,15,3,Female,Urban,Hatchback,Yes,No,Low,0.0038072881,Low Probability
64,32938.16958327643,46.03227587302094,4,3,16,3,Female,Rural,Sedan,Yes,Yes,High,0.0014727943,Low Probability
47,184928.5702454383,60.8378008181925,2,11,11,5,Other,Rural,Hatchback,No,Yes,Medium,0.79979384,Very High Probability
62,110109.8339806668,25.939012880139938,2,13,16,2,Female,Suburban,SUV,Yes,No,Medium,0.00043806256,Low Probability
41,112462.2768102861,56.0739346716457,4,8,2,5,Female,Suburban,Hatchback,Yes,No,Medium,0.014193815,Low Probability
63,61545.779751527196,7.101196770568649,1,5,2,2,Other,Suburban,Sedan,No,No,Medium,0.0002057981,Low Probability
66,145519.42651829327,36.92399489880573,2,3,13,3,Female,Rural,Sedan,Yes,Yes,High,0.022980409,Low Probability
55,106810.14863002211,75.80338072492448,4,13,0,3,Other,Rural,Sedan,Yes,Yes,Low,0.5245333,High Probability
56,104946.61525206969,69.67994710682356,3,0,4,2,Other,Suburban,Truck,Yes,Yes,High,0.0018138823,Low Probability
65,74884.99021946202,51.28137772978023,3,12,8,1,Other,Urban,Sedan,No,No,Medium,9.9610676e-05,Low Probability
33,166226.3737569748,84.17591518194558,2,8,12,2,Other,Rural,Hatchback,Yes,No,High,0.00053359405,Low Probability
51,95826.32176375651,9.165636643618058,4,2,8,1,Male,Urban,Truck,No,Yes,High,0.00031439852,Low Probability
41,50929.41175213967,62.861191870577755,4,7,9,2,Other,Suburban,Truck,No,No,High,2.93596e-05,Low Probability
31,57267.25764372554,89.08653794263918,3,4,0,3,Female,Suburban,Truck,Yes,Yes,High,0.0015559304,Low Probability
66,65369.26466369439,61.030068408750424,2,1,8,1,Female,Suburban,SUV,No,Yes,Medium,0.0018850667,Low Probability
28,47647.20999914601,97.91806744285644,1,1,16,5,Male,Suburban,Sedan,No,Yes,Low,0.26655695,Moderate Probability
57,72375.82122452377,88.53745624413062,1,1,12,2,Male,Suburban,Hatchback,Yes,No,Low,0.00056008983,Low Probability
28,95419.92224323464,62.713732497456874,1,13,5,2,Other,Rural,SUV,No,No,Medium,0.00091251975,Low Probability
61,82090.59177353249,38.140403144030465,4,14,12,4,Female,Suburban,Sedan,No,Yes,High,0.004915836,Low Probability
27,33017.784022957996,11.259158996591038,2,3,16,4,Male,Rural,SUV,Yes,Yes,Low,0.21197315,Low Probability
53,145932.42482645504,42.87474649559922,4,8,15,1,Female,Rural,Sedan,Yes,Yes,Low,0.049457587,Low Probability
39,46735.59311111957,6.240049360648539,4,8,6,2,Male,Suburban,Sedan,Yes,Yes,High,0.0009608317,Low Probability
51,74852.53214593997,27.820790743713594,1,3,2,4,Other,Suburban,Sedan,No,No,Medium,0.0016537814,Low Probability
48,108703.30587428003,11.449386407258245,4,7,1,2,Other,Suburban,Truck,No,Yes,Medium,0.011489155,Low Probability
47,114238.06326652139,82.98434028099643,2,10,16,4,Male,Suburban,Truck,No,No,High,0.0009748225,Low Probability
26,160369.49927876395,9.745904491057615,1,1,8,1,Male,Rural,Sedan,No,Yes,Low,0.022122288,Low Probability
62,90120.03285975847,7.519198120256226,3,12,11,5,Male,Suburban,Truck,Yes,No,Low,0.026908582,Low Probability
27,31175.299211603346,57.21394060665271,1,9,3,5,Other,Urban,SUV,No,Yes,Medium,0.15979896,Low Probability
34,163845.63246242487,91.37748904421127,4,0,6,4,Female,Suburban,Sedan,Yes,Yes,Low,0.7919668,Very High Probability
51,93551.9285381477,81.34490462575943,3,1,17,1,Other,Rural,Sedan,Yes,No,Low,0.0006880497,Low Probability
58,65392.19446612766,59.11445499846393,2,14,13,5,Other,Suburban,SUV,No,No,Low,0.0046835667,Low Probability
34,134587.09969885746,92.93614494578738,1,1,4,1,Female,Rural,Hatchback,No,No,Low,0.00050402543,Low Probability
40,129920.10434667561,94.73998188899157,4,2,16,4,Female,Urban,Truck,Yes,Yes,Low,0.69717515,High Probability
52,170638.65363056408,41.37071039420595,1,7,7,2,Female,Suburban,Sedan,No,Yes,Low,0.12314894,Low Probability
31,102168.14898116983,37.500486143467775,2,13,10,5,Female,Urban,Hatchback,No,No,Low,0.023854323,Low Probability
56,117265.90959174534,65.21157048789044,1,4,2,4,Male,Suburban,SUV,No,Yes,Low,0.39637685,Moderate Probability
62,56849.08840916425,28.58302216705028,3,4,17,5,Female,Rural,Truck,Yes,Yes,High,0.016262116,Low Probability
25,33282.42209155676,90.32671457779469,2,12,10,2,Female,Rural,Hatchback,No,Yes,High,0.00038040156,Low Probability
37,126790.39898726647,24.60634868773195,2,13,6,2,Female,Urban,Sedan,No,No,High,0.00010786082,Low Probability
54,158991.63124093745,92.85395343835779,2,4,6,1,Other,Rural,Truck,Yes,Yes,High,0.0021143043,Low Probability
60,186689.53042505356,37.054302069975,3,9,14,5,Male,Urban,Sedan,No,No,High,0.006473462,Low Probability
59,158251.5956168396,17.001724626335424,3,7,1,4,Female,Rural,Truck,No,Yes,High,0.046323292,Low Probability
55,96359.8520693287,16.266056959167965,2,1,18,2,Male,Suburban,Sedan,Yes,Yes,High,0.0016977645,Low Probability
44,143947.4662987878,86.72193694873164,4,13,13,3,Other,Urban,Sedan,Yes,Yes,Medium,0.3366344,Moderate Probability
29,112930.99863715578,52.30968989978141,1,3,17,4,Male,Suburban,SUV,No,Yes,Low,0.49312067,Moderate Probability
40,59417.066929956505,22.202693243507273,2,0,1,3,Male,Suburban,Sedan,No,No,Medium,0.0007298792,Low Probability
45,75552.48719395931,61.318617021714296,2,10,6,4,Other,Rural,SUV,No,Yes,Low,0.26423582,Moderate Probability
63,146011.3559869887,65.85586693999831,3,12,15,5,Other,Suburban,Truck,No,No,Medium,0.016999539,Low Probability
34,49067.06693582685,34.243675150754946,1,3,14,2,Other,Rural,Sedan,No,Yes,Medium,0.0010422741,Low Probability
62,125227.03496670288,8.957857593378822,1,4,2,4,Other,Rural,Hatchback,Yes,No,High,0.0010030105,Low Probability
59,109918.73405379863,6.554761276355226,4,3,9,5,Female,Urban,Sedan,No,Yes,Low,0.8055166,Very High Probability
60,54275.88463958981,78.52962414472502,1,5,5,3,Other,Rural,SUV,No,Yes,Medium,0.024456179,Low Probability
53,47719.58883687869,25.32114381011128,4,13,6,1,Male,Suburban,SUV,No,No,Low,0.00013566298,Low Probability
27,36168.896377526005,18.498453697809044,2,4,14,5,Female,Urban,Sedan,No,No,Low,0.003583061,Low Probability
55,81276.5630047833,32.1425866140989,1,12,13,2,Other,Urban,SUV,Yes,Yes,Low,0.05485186,Low Probability
60,178834.51416850297,88.2936389584134,3,4,2,5,Male,Urban,Hatchback,No,Yes,High,0.11801825,Low Probability
52,46559.98340171734,68.33678201821115,4,2,5,4,Male,Suburban,SUV,No,No,Medium,0.0008364852,Low Probability
47,126335.93557685502,65.58792719460511,1,13,12,3,Other,Urban,Sedan,Yes,Yes,Medium,0.079680614,Low Probability
33,40314.04716350865,92.94826487281452,4,13,19,4,Other,Urban,Hatchback,No,Yes,Low,0.023291755,Low Probability
41,145961.96458844852,90.04025319017838,4,0,9,3,Other,Suburban,Truck,No,Yes,High,0.03177091,Low Probability
52,151664.36833004828,80.64640813244628,2,9,1,1,Other,Rural,Truck,No,Yes,Medium,0.012839216,Low Probability
27,143726.4928234268,56.60723877820008,4,10,5,1,Other,Urban,Truck,Yes,No,Medium,0.002946206,Low Probability
55,30272.520703129223,91.66644104007676,3,13,15,1,Female,Urban,SUV,No,No,Medium,4.2964974e-05,Low Probability
69,112463.00931227418,64.35018946652268,2,13,8,2,Female,Urban,Hatchback,No,No,Low,0.0007372068,Low Probability
62,99467.46246491655,88.76843281251676,1,2,14,3,Male,Urban,Truck,No,No,Medium,0.0013144041,Low Probability
57,93758.91603079237,12.513967625201875,2,10,8,3,Male,Urban,SUV,No,No,Medium,0.0017290363,Low Probability
46,162844.73639345478,12.451935909821582,2,6,18,2,Other,Rural,Truck,Yes,Yes,Medium,0.040269054,Low Probability
49,44383.49552018883,79.42578290117608,2,10,9,1,Other,Rural,Sedan,Yes,No,High,3.4668483e-05,Low Probability
66,54712.987787097365,58.60644791296558,4,2,5,1,Other,Urban,Hatchback,Yes,Yes,Low,0.0059925397,Low Probability
67,184242.29387832904,14.275129752582167,1,10,9,1,Other,Rural,Truck,No,Yes,Low,0.054907046,Low Probability
55,173062.90207513323,48.73690775159805,1,13,2,4,Other,Urban,Sedan,Yes,No,Low,0.028459063,Low Probability
48,177217.40175197626,32.9867716802904,1,1,1,1,Other,Rural,SUV,No,No,Medium,0.0004092063,Low Probability
61,184232.06808575438,52.48305970541043,2,5,1,3,Male,Rural,Truck,Yes,No,Low,0.0034260773,Low Probability
29,76064.03350314172,59.95182659298393,2,13,7,4,Other,Suburban,Truck,No,Yes,Medium,0.053139515,Low Probability
39,97319.88406134899,70.5331758432267,2,5,18,3,Female,Suburban,Hatchback,Yes,No,Low,0.0022690606,Low Probability
58,60007.87217019698,76.19785883295701,2,0,16,4,Other,Urban,Sedan,No,Yes,Low,0.23521444,Low Probability
40,32617.347353464622,41.79406602340058,4,8,4,2,Male,Urban,Hatchback,No,No,Low,0.00026676717,Low Probability
50,110443.69157843002,50.747075670508714,4,3,7,1,Male,Suburban,Truck,Yes,Yes,Medium,0.0024052802,Low Probability
28,54243.44398846571,56.6614944621302,1,2,10,2,Female,Urban,Hatchback,No,No,Low,0.0003454287,Low Probability
44,66216.43087171031,82.92897083064473,3,8,16,4,Female,Suburban,Sedan,No,No,High,0.00017269049,Low Probability
31,63880.32319324977,28.42422951954,2,1,15,4,Other,Rural,Sedan,Yes,Yes,Medium,0.032862507,Low Probability
32,108253.43666910093,57.13355354140275,3,2,3,2,Other,Rural,Sedan,No,No,Low,0.00092609896,Low Probability
31,57882.85986769834,46.57357773419901,3,4,8,5,Female,Rural,SUV,Yes,Yes,Medium,0.19177888,Low Probability
69,188369.07871278003,34.013866748110686,2,9,1,3,Other,Urban,Sedan,No,Yes,Low,0.46161923,Moderate Probability
43,98621.66796950801,7.821014644407366,2,13,19,5,Female,Rural,Sedan,Yes,No,Medium,0.016724914,Low Probability
52,154569.22618197737,35.126845821211404,4,11,8,2,Female,Suburban,Truck,Yes,No,High,0.00024606075,Low Probability
69,185586.84831416936,11.058343131907353,1,12,2,4,Other,Urban,SUV,No,Yes,High,0.06775655,Low Probability
29,50292.773323102694,85.66713015063603,1,10,9,4,Female,Suburban,Hatchback,No,Yes,Low,0.023304574,Low Probability
68,166018.15578116343,18.679726639312335,3,12,10,2,Other,Suburban,Hatchback,Yes,No,Low,0.0023301737,Low Probability
44,179070.26120983533,12.235259572419245,1,9,4,1,Male,Urban,Truck,No,Yes,High,0.0041777855,Low Probability
54,163209.83892200267,74.17385289722037,3,9,13,1,Male,Suburban,Hatchback,No,No,Low,0.0009869965,Low Probability
39,36783.27686571644,49.9550831028759,4,9,9,3,Female,Suburban,Sedan,No,No,Low,0.00060132256,Low Probability
37,118976.56199407563,12.494121887488074,4,10,9,3,Female,Urban,Hatchback,Yes,No,Low,0.008796744,Low Probability
41,176285.37635102065,30.153721312351212,2,7,9,5,Female,Suburban,Sedan,No,Yes,Medium,0.6540731,High Probability
39,169788.30902678636,80.49318838917817,3,6,16,5,Female,Urban,Truck,No,Yes,Low,0.9572237,Very High Probability
31,146364.5168706759,14.478340076006738,3,14,19,1,Other,Urban,Sedan,Yes,No,Low,0.0075975307,Low Probability
54,160621.68178390703,52.62659560391025,4,9,5,3,Male,Suburban,Sedan,No,Yes,High,0.028125625,Low Probability
63,69841.61206077386,7.4965949038633966,2,1,16,4,Other,Suburban,Truck,Yes,No,Low,0.013152465,Low Probability
66,111765.67056443144,37.95780590965565,1,11,17,4,Female,Urban,Sedan,Yes,No,Medium,0.0051086005,Low Probability
48,33724.358271772595,18.341507397030924,4,12,15,4,Female,Suburban,Sedan,Yes,No,Medium,0.0014507157,Low Probability
38,103831.54783391174,19.40154014224943,2,13,8,4,Female,Urban,Hatchback,Yes,No,Medium,0.0051210793,Low Probability
32,34026.24921799774,14.622151675785958,3,0,7,3,Other,Suburban,SUV,Yes,No,Low,0.0028612688,Low Probability
56,130765.5942002319,13.601449190835616,1,0,9,5,Female,Suburban,Sedan,No,Yes,Low,0.9344948,Very High Probability
57,177093.30603507368,12.658431002516053,1,3,14,4,Other,Suburban,Hatchback,Yes,Yes,Low,0.82811797,Very High Probability
57,116866.96605853536,45.385432376075045,3,0,18,5,Female,Rural,Sedan,Yes,No,High,0.0021708491,Low Probability
51,134173.4896266068,15.957426840797208,1,8,4,1,Other,Rural,Hatchback,Yes,No,Low,0.0006877025,Low Probability
36,42784.49028429767,86.18647348402783,3,11,17,5,Other,Suburban,SUV,Yes,Yes,Medium,0.05542227,Low Probability
48,149619.13442696154,55.985655775843206,4,6,0,4,Other,Suburban,SUV,No,Yes,Medium,0.29821745,Moderate Probability
60,175522.00094108714,30.275996444648257,4,6,9,4,Female,Suburban,Sedan,No,No,Low,0.00932166,Low Probability
61,85091.1500264236,38.44356499600662,4,7,12,3,Male,Urban,Truck,Yes,No,Medium,0.0010794811,Low Probability
58,63102.17144534537,12.472965239164761,4,6,2,3,Other,Suburban,Hatchback,Yes,Yes,Low,0.046330005,Low Probability
30,146765.61919020943,52.50143907408328,3,13,19,2,Male,Urban,Sedan,No,No,Low,0.00272096,Low Probability
66,137491.36845893675,38.18296882836026,1,3,8,1,Female,Suburban,Sedan,No,No,Low,0.00044007576,Low Probability
63,122433.57393514397,70.84805061449522,2,2,9,1,Male,Suburban,Truck,Yes,No,High,3.270227e-05,Low Probability
54,124868.667138841,38.33962045342955,4,11,0,2,Male,Urban,Truck,Yes,Yes,Medium,0.020729357,Low Probability
48,104039.73344418033,96.52977292159427,3,7,12,5,Female,Suburban,Sedan,No,Yes,High,0.022877151,Low Probability
68,183186.80268846737,94.86824782992748,1,5,13,1,Female,Urban,SUV,No,Yes,High,0.0006330627,Low Probability
27,137920.4882027139,72.56103592877471,2,9,13,3,Female,Rural,SUV,Yes,No,High,0.0025599017,Low Probability
62,186259.51455813166,57.752451003272334,4,5,16,2,Female,Suburban,Truck,Yes,No,High,0.00039756732,Low Probability
29,52319.08915767701,20.88479823451874,2,12,12,3,Other,Rural,Truck,No,No,High,0.00022628934,Low Probability
49,39525.289092422274,11.944566029415977,4,3,5,2,Other,Rural,Sedan,Yes,Yes,Low,0.004557968,Low Probability
47,31614.006957430178,38.003016530982954,2,5,1,1,Female,Urban,SUV,No,Yes,Low,0.0020897936,Low Probability
51,51831.16796518987,25.7249808904414,2,5,2,3,Male,Urban,Hatchback,Yes,Yes,High,0.0041724057,Low Probability
55,163668.73342108127,84.45688929672949,4,13,17,3,Other,Urban,Hatchback,No,Yes,Medium,0.32791564,Moderate Probability
38,128763.52047103718,61.07725615584303,1,3,15,5,Female,Urban,SUV,No,No,Medium,0.03368381,Low Probability
42,80092.53045175398,78.87983722700486,1,14,10,4,Male,Rural,SUV,No,Yes,Medium,0.077546455,Low Probability
55,46754.006387447866,17.163395686840914,4,2,4,4,Other,Urban,Truck,Yes,Yes,High,0.004580771,Low Probability
27,183090.1458560077,23.932885184438394,1,13,13,5,Male,Rural,Hatchback,No,No,Low,0.1079814,Low Probability
51,182988.12160797432,28.161684303051,4,9,16,2,Other,Urban,SUV,No,No,Low,0.0019862535,Low Probability
25,161197.5872773155,93.4257078887949,3,1,2,3,Other,Rural,SUV,No,No,Low,0.0063874573,Low Probability
57,73636.99255334838,91.37336330921269,4,10,18,2,Male,Rural,Hatchback,No,No,Low,0.00019790957,Low Probability
54,184481.43041368388,64.09771862646446,3,6,1,1,Other,Suburban,Truck,Yes,No,Low,0.0006951058,Low Probability
44,125878.13718853262,42.06821988787592,3,4,10,5,Female,Rural,SUV,No,Yes,Low,0.8316325,Very High Probability
52,165477.80264323158,29.158112684989693,2,14,10,3,Female,Rural,Hatchback,Yes,Yes,High,0.033605453,Low Probability
47,184652.6954982751,29.86450621286548,4,11,8,3,Male,Suburban,SUV,Yes,Yes,Medium,0.17346638,Low Probability
64,178667.9538086719,24.48770403177105,2,10,7,4,Other,Urban,SUV,No,Yes,Low,0.60668427,High Probability
69,163750.2679104545,26.451387915390434,3,7,14,2,Male,Rural,Sedan,No,No,Low,0.002458798,Low Probability
63,105080.20596498386,25.580566187552815,1,5,3,1,Female,Rural,SUV,No,No,Low,0.00026253337,Low Probability
42,80813.64237924811,58.139957723828,3,1,11,4,Male,Rural,Hatchback,Yes,No,Medium,0.0024456263,Low Probability
62,86757.33503720284,37.22602820904571,4,0,16,5,Female,Urban,Hatchback,No,Yes,Medium,0.24232455,Low Probability
66,136874.9040517786,41.678088008183245,3,8,16,1,Female,Suburban,Truck,No,No,Low,0.0004356469,Low Probability
50,165200.54840761487,9.393177682664021,4,3,15,3,Other,Rural,Sedan,No,No,Low,0.003963016,Low Probability
36,63537.020398948785,42.97306397148033,1,3,12,3,Male,Suburban,Hatchback,No,No,High,4.3271088e-05,Low Probability
53,141286.30179845705,80.38834379986918,4,8,14,2,Male,Suburban,Truck,Yes,Yes,Low,0.15085214,Low Probability
43,151662.0916917146,10.550084953510758,4,5,19,3,Female,Urban,Sedan,Yes,No,High,0.0015596102,Low Probability
39,91164.34369535788,44.26615051532168,2,7,18,1,Other,Rural,Truck,Yes,Yes,Low,0.014242786,Low Probability
35,102645.14555469267,41.28409190146174,1,8,11,4,Female,Urban,Hatchback,No,No,Low,0.01142722,Low Probability
63,105396.77670177426,91.5586897068672,3,1,4,3,Other,Urban,Sedan,Yes,No,Medium,0.0024701622,Low Probability
28,84549.62269997742,43.01398227061852,4,6,17,2,Other,Suburban,Hatchback,Yes,No,Medium,0.0006253289,Low Probability
65,176584.77650518066,89.22286835388992,1,9,18,5,Female,Urban,Truck,No,No,High,0.010577547,Low Probability
32,55365.93227260653,85.83099011011086,3,5,18,1,Other,Suburban,SUV,No,Yes,High,0.0001434017,Low Probability
29,153579.89188112965,82.3304426481282,2,8,4,5,Female,Suburban,Hatchback,No,No,Medium,0.022980934,Low Probability
48,176477.20082559605,77.81451614293886,3,5,19,2,Female,Urban,Hatchback,Yes,No,High,0.0012833308,Low Probability
63,34971.90672663551,16.108279413042922,1,5,2,2,Male,Urban,SUV,No,Yes,Low,0.008720623,Low Probability
53,44659.10140986028,68.9394418567934,4,2,8,2,Other,Rural,Sedan,No,No,High,2.3753042e-05,Low Probability
57,138406.7707253495,85.49808534929689,3,1,7,1,Female,Urban,Truck,Yes,No,High,0.00016112471,Low Probability
49,60045.38804873034,22.92934952087969,3,0,5,1,Male,Suburban,SUV,Yes,Yes,Low,0.0063141203,Low Probability
59,138876.26169583653,95.60916542141322,1,5,3,1,Male,Suburban,SUV,Yes,Yes,Low,0.024008626,Low Probability
58,136137.607649956,69.71808308209702,2,6,16,2,Other,Suburban,SUV,Yes,No,Medium,0.0013397208,Low Probability
62,48708.269995206836,59.670301253548054,3,3,10,1,Male,Rural,Sedan,Yes,No,Medium,3.1740554e-05,Low Probability
56,129733.9065881903,13.830023414199625,4,9,8,5,Male,Urban,Truck,Yes,Yes,Medium,0.7290588,High Probability
52,31831.646054414476,44.16258770444763,2,5,12,2,Female,Urban,Truck,No,No,High,1.5206684e-05,Low Probability
43,149761.86560788375,69.33845833422117,1,9,4,4,Other,Suburban,Sedan,No,Yes,Medium,0.15839298,Low Probability
29,181065.29214564298,34.83819584525008,3,6,17,3,Other,Suburban,SUV,Yes,Yes,Medium,0.20291166,Low Probability
46,108597.67711797985,69.90978212315201,2,11,10,5,Female,Urban,Sedan,Yes,Yes,High,0.06189202,Low Probability
48,166458.1615562096,31.329464070565823,2,5,3,5,Female,Rural,Sedan,Yes,Yes,Low,0.9089507,Very High Probability
40,94909.19981185066,59.12386083019067,4,11,0,4,Other,Suburban,SUV,Yes,No,High,0.00087345176,Low Probability
51,148095.5155522611,62.436689066747846,2,4,4,2,Male,Rural,Hatchback,Yes,No,High,0.00015854256,Low Probability
45,184729.9211870421,29.413548609180108,1,5,1,4,Other,Rural,Hatchback,Yes,Yes,Low,0.6103505,High Probability
42,170277.0951704721,59.53537064471966,2,13,13,3,Male,Suburban,SUV,No,Yes,Low,0.4832484,Moderate Probability
36,118485.10662993146,72.32176175289423,3,4,14,3,Other,Urban,Truck,No,Yes,Low,0.315209,Moderate Probability
54,51402.34580183613,79.99212698856114,1,12,16,1,Male,Rural,Truck,Yes,No,Low,0.000121732344,Low Probability
47,87576.76360874147,64.2840225780154,4,10,15,4,Female,Rural,Hatchback,No,No,High,0.00040687257,Low Probability
44,39444.974511053086,42.170314721976496,4,1,4,5,Female,Urban,SUV,No,Yes,High,0.001787395,Low Probability
62,123090.56142658707,5.655898174220646,1,0,12,2,Male,Suburban,SUV,Yes,Yes,Medium,0.008979501,Low Probability
50,37089.5420691349,8.804828713247922,3,7,8,4,Female,Rural,Sedan,Yes,No,High,0.00029100588,Low Probability
38,47525.961718912324,79.01892021909805,3,7,14,2,Male,Suburban,Truck,Yes,Yes,Low,0.0037411258,Low Probability
25,186635.71894473935,54.96537744891126,2,10,10,1,Female,Rural,Hatchback,No,No,Medium,0.0012868362,Low Probability
69,162052.38070581676,88.41245519604092,1,13,19,4,Other,Rural,SUV,Yes,No,Low,0.086570464,Low Probability
42,133939.82565984986,74.34101361709925,1,0,5,2,Female,Urban,SUV,No,Yes,Medium,0.022348274,Low Probability
42,46300.05556380122,89.92190871873582,3,10,15,5,Female,Suburban,Truck,No,Yes,High,0.006187203,Low Probability
33,99443.34535647952,80.88930140204229,2,9,18,3,Female,Rural,SUV,No,No,Low,0.0021766871,Low Probability
54,37872.806829720015,81.09107997417115,3,11,0,2,Other,Suburban,SUV,No,No,High,4.4479988e-05,Low Probability
53,117071.03049638061,55.35989265769492,4,13,12,3,Other,Suburban,SUV,No,Yes,High,0.01758958,Low Probability
30,100197.8838250193,13.479975068645166,3,3,13,1,Female,Rural,SUV,Yes,Yes,Low,0.029588908,Low Probability
51,149739.65734128078,86.4588841757756,1,2,6,2,Female,Rural,Truck,No,No,High,0.00019505303,Low Probability
43,31107.554984470302,15.850045037192544,2,11,2,1,Female,Suburban,Sedan,Yes,Yes,Medium,0.0019056711,Low Probability
62,92826.84382066713,6.916657327763628,3,6,18,3,Male,Suburban,SUV,Yes,No,High,0.00052590354,Low Probability
53,181945.6446389719,85.97533282146341,2,6,10,2,Other,Urban,Truck,Yes,Yes,High,0.007916093,Low Probability
37,181290.88438832114,92.42636990411313,1,9,5,2,Other,Urban,SUV,No,No,Low,0.0034437384,Low Probability
64,116811.0909570613,26.571281380006912,3,8,11,4,Other,Rural,SUV,No,No,Low,0.016734013,Low Probability
44,107901.42065230655,27.31174938829006,2,14,17,2,Female,Suburban,Hatchback,Yes,No,High,0.00012400254,Low Probability
56,128865.46039910111,38.046831579544,4,0,1,4,Other,Urban,SUV,No,Yes,Medium,0.3165353,Moderate Probability
32,127015.91655641179,40.76475372111269,1,14,8,4,Female,Urban,Sedan,No,No,High,0.0011268326,Low Probability
62,144464.27100748778,74.41767179935489,2,2,14,3,Other,Rural,SUV,No,Yes,Low,0.411354,Moderate Probability
45,118814.15297481845,21.810279736818057,4,11,11,1,Male,Suburban,Hatchback,No,No,Medium,0.00018656328,Low Probability
30,59555.60831134807,10.140937401926244,1,3,12,2,Other,Urban,SUV,No,No,High,2.1983487e-05,Low Probability
60,174436.80932000338,71.69838701445393,4,10,8,1,Female,Rural,SUV,Yes,Yes,Low,0.05531125,Low Probability
25,124783.84616260315,6.09241556145107,2,11,5,1,Female,Rural,SUV,Yes,No,Low,0.0019084464,Low Probability
38,79799.18320058598,92.57364902003282,3,13,11,2,Male,Urban,Sedan,No,No,Low,0.0003922576,Low Probability
34,35891.93025994772,80.67839317716381,1,10,13,3,Other,Suburban,Sedan,No,No,High,5.428805e-05,Low Probability
28,76264.09326761453,65.91036344046316,3,9,13,5,Other,Rural,SUV,Yes,Yes,High,0.031989716,Low Probability
31,137134.12581795914,78.25103789832633,2,4,9,1,Male,Suburban,Hatchback,No,No,Low,0.00043433276,Low Probability
62,35282.35927161159,79.75089585546358,3,9,14,2,Female,Suburban,Hatchback,Yes,Yes,Medium,0.0024582106,Low Probability
64,38981.89153390118,78.23750419743125,3,6,17,2,Other,Rural,SUV,No,Yes,High,0.00026994688,Low Probability
67,175981.4173511475,74.96958851635426,1,7,17,3,Male,Suburban,SUV,No,No,Low,0.004835128,Low Probability
34,128383.69756196984,8.260064916317997,4,0,2,1,Other,Suburban,Truck,Yes,No,Low,0.000933098,Low Probability
55,173302.61989165502,80.18055656056356,1,8,11,5,Male,Suburban,Sedan,No,Yes,Low,0.9085908,Very High Probability
49,133167.76625194438,98.63276947998041,1,8,17,4,Male,Urban,Hatchback,No,No,High,0.0012740435,Low Probability
55,185280.76605230034,62.806836689482985,4,3,4,5,Female,Urban,Truck,No,No,Low,0.07578712,Low Probability
43,107977.73565259033,45.477591270538106,2,0,16,2,Other,Urban,Truck,Yes,Yes,Low,0.07569468,Low Probability
67,66669.22953663951,71.1188807630854,1,5,6,5,Male,Suburban,Sedan,No,No,High,0.0002669951,Low Probability
58,69261.60344885083,79.86079248406469,4,10,12,3,Male,Rural,Hatchback,No,Yes,Medium,0.02002779,Low Probability
30,89320.55260827419,24.335091350248728,4,1,9,1,Male,Urban,Sedan,No,No,Medium,0.00026398577,Low Probability
26,59568.43516949421,91.97475691024943,2,1,13,1,Other,Rural,Sedan,No,Yes,High,0.00045190187,Low Probability
33,98465.32959000402,84.5479411993089,4,13,15,4,Other,Urban,SUV,No,No,High,0.0017485808,Low Probability
59,163913.90980268375,37.775424656699364,2,7,8,1,Female,Suburban,Hatchback,Yes,Yes,High,0.0015867094,Low Probability
38,68022.31676770988,78.27078573823253,4,6,15,5,Other,Suburban,Sedan,No,Yes,Medium,0.19912092,Low Probability
44,107711.88002359238,29.83868111856264,1,2,12,3,Male,Urban,Hatchback,Yes,No,Medium,0.0018780318,Low Probability
30,76862.21199665271,20.722672238011025,4,5,16,5,Other,Rural,Sedan,No,Yes,Medium,0.22560143,Low Probability
59,139504.10584678475,57.451706121627794,1,13,9,5,Other,Urban,SUV,Yes,Yes,High,0.14077367,Low Probability
59,67680.09687484731,38.80249672673612,4,12,5,2,Male,Suburban,Truck,No,No,Low,0.000547402,Low Probability
45,44950.966799851085,80.42831009317536,4,9,4,4,Female,Urban,Hatchback,Yes,No,Medium,0.0008408174,Low Probability
31,140093.07635364874,13.246764405400846,2,2,9,4,Male,Urban,Sedan,Yes,Yes,Medium,0.48974514,Moderate Probability
63,36973.946097014516,43.525372240658044,2,10,8,4,Other,Urban,SUV,Yes,No,Medium,0.000772179,Low Probability
67,162602.45308809422,45.57885269939104,4,2,9,3,Male,Urban,Hatchback,No,No,High,0.00043697385,Low Probability
67,174062.22932226487,31.496768625081465,3,8,4,4,Female,Suburban,Sedan,No,No,Medium,0.0039720773,Low Probability
41,110704.0097011896,91.46932147419734,2,10,12,2,Other,Urban,Truck,No,No,Medium,0.00061030453,Low Probability
68,114416.5659253941,97.13945649674412,4,11,13,3,Other,Rural,SUV,No,No,High,0.0005835263,Low Probability
36,89530.01403207271,29.66508263038453,2,6,2,4,Other,Urban,Hatchback,No,Yes,Medium,0.09656772,Low Probability
65,113348.89325054309,30.552635994773013,3,2,8,3,Female,Urban,Hatchback,No,Yes,High,0.0051490557,Low Probability
63,150918.9226794207,51.86792076290074,4,2,7,2,Other,Suburban,Truck,No,Yes,Low,0.073799856,Low Probability
38,91112.82871169847,51.68952452721186,2,7,15,3,Male,Rural,Sedan,Yes,Yes,Low,0.19324636,Low Probability
39,46977.49956538613,90.64738809195846,1,14,2,3,Other,Rural,SUV,Yes,Yes,High,0.0028176638,Low Probability
35,98886.62346673399,83.46213047795742,4,6,10,1,Male,Urban,Truck,Yes,No,Low,0.000478076,Low Probability
56,177566.13363696585,18.300587717726746,3,6,11,4,Male,Urban,Hatchback,Yes,No,Medium,0.006278754,Low Probability
61,161503.19968427494,89.2353102323435,1,2,8,3,Female,Urban,Hatchback,No,Yes,Low,0.42878398,Moderate Probability
60,44071.80985803877,13.333658378455564,1,14,2,2,Other,Rural,Sedan,Yes,Yes,High,0.0017801516,Low Probability
52,59394.05838448259,74.31887460611755,1,11,1,4,Male,Suburban,SUV,Yes,No,Medium,0.0012806908,Low Probability
42,137211.05423602744,73.76367608480068,1,7,15,1,Male,Urban,Truck,No,No,Medium,0.00032382243,Low Probability
35,184013.59051370743,25.936862198237332,2,8,1,2,Male,Rural,Truck,No,Yes,Low,0.08736856,Low Probability
37,65320.75175457564,28.97283611309161,1,7,10,2,Male,Rural,Truck,Yes,Yes,Low,0.008241072,Low Probability
26,158361.08740311553,32.40717276975482,4,13,5,5,Male,Urban,Hatchback,Yes,No,Low,0.102665424,Low Probability
46,114055.68207511779,69.67542608094124,3,5,7,2,Other,Rural,SUV,Yes,Yes,Medium,0.021864261,Low Probability
52,164005.33837338525,96.93573848990033,3,7,18,3,Female,Urban,Truck,No,Yes,High,0.02850456,Low Probability
48,155069.5818581877,59.931110485259595,2,6,8,3,Other,Suburban,Sedan,Yes,No,Medium,0.0025238001,Low Probability
27,35466.80709429217,41.68593459817659,3,8,8,3,Other,Urban,Truck,Yes,Yes,Low,0.060265433,Low Probability
29,162440.2113401447,84.52330899948774,2,6,14,2,Other,Rural,Truck,Yes,Yes,Low,0.2044797,Low Probability
59,48071.29634688636,33.18530630164929,1,5,11,2,Female,Rural,Truck,No,Yes,Medium,0.0012505173,Low Probability
38,178557.4652902888,24.60537364331898,3,12,5,1,Female,Urban,Sedan,No,Yes,Medium,0.009634268,Low Probability
61,46056.17630814448,58.91625671957044,3,4,10,3,Other,Urban,Truck,No,Yes,Low,0.036793374,Low Probability
68,34074.61746132936,89.11256005099865,1,10,8,1,Female,Suburban,SUV,No,Yes,Low,0.0017761246,Low Probability
27,55574.490471712445,79.31013075283057,3,9,8,2,Male,Suburban,SUV,Yes,No,Medium,0.00041005667,Low Probability
46,124333.52239159886,46.23752894403159,4,7,11,1,Other,Urban,SUV,Yes,No,High,9.1162874e-05,Low Probability
49,104654.44675552953,87.29067506309141,2,1,4,5,Other,Urban,SUV,Yes,No,Medium,0.015964689,Low Probability
25,55879.62264883495,15.165959146700692,2,13,3,1,Other,Urban,SUV,No,Yes,High,0.00097193645,Low Probability
49,161530.5268647892,93.6917465908322,3,4,4,5,Male,Rural,Sedan,Yes,No,Low,0.17688856,Low Probability
42,109967.58557692548,8.446519209185798,3,1,6,1,Male,Rural,Truck,No,Yes,High,0.000573287,Low Probability
28,61274.44353467047,61.799367581893975,2,7,5,2,Female,Suburban,Hatchback,No,No,High,3.1485757e-05,Low Probability
41,41014.63192595638,20.08855770228491,4,7,15,2,Other,Urban,Hatchback,Yes,No,Medium,0.00025507653,Low Probability
32,103424.94036703145,92.90852511229471,2,5,10,5,Other,Urban,Truck,Yes,No,High,0.003132694,Low Probability
28,97539.03599395056,75.66999499056541,2,7,13,4,Female,Rural,Sedan,No,Yes,Low,0.17054111,Low Probability
42,70945.30476693391,91.94781975061703,4,6,4,1,Other,Suburban,SUV,No,Yes,Low,0.0060107587,Low Probability
41,152580.86907052773,84.30190006492116,4,3,3,1,Other,Rural,Sedan,No,No,High,0.00022891641,Low Probability
65,112998.03516193482,42.58902309792733,4,2,14,4,Female,Rural,Truck,Yes,Yes,Low,0.58835125,High Probability
48,180621.55853235486,59.55815178331197,3,8,16,1,Female,Suburban,Hatchback,Yes,Yes,Medium,0.011304819,Low Probability
47,94660.36377836636,49.84575514725571,1,14,16,1,Female,Suburban,SUV,Yes,No,High,4.94633e-05,Low Probability
34,100194.99913464891,25.705373194294587,1,1,5,3,Female,Urban,Truck,Yes,No,High,0.00067730213,Low Probability
58,114858.491608803,53.76895443222408,4,9,5,4,Female,Urban,Sedan,No,Yes,Low,0.54057914,High Probability
57,82438.7560917752,70.1634550000593,4,1,12,5,Other,Suburban,Hatchback,Yes,Yes,High,0.031484075,Low Probability
55,77702.28462925158,20.157473724982452,4,6,1,4,Other,Urban,Truck,No,Yes,High,0.0063359677,Low Probability
33,84967.6486461068,23.774824770895794,2,7,3,5,Other,Suburban,SUV,No,No,Low,0.021757461,Low Probability
60,133244.17185954042,88.68526524321689,2,9,4,4,Other,Suburban,Sedan,No,No,High,0.0017182404,Low Probability
33,119153.54390236652,84.10191848733149,1,8,14,5,Male,Rural,Sedan,Yes,Yes,Low,0.7974967,Very High Probability
47,88313.7851788869,39.60758949868571,4,3,7,4,Female,Urban,Hatchback,No,Yes,Medium,0.10029469,Low Probability
43,68335.14348423251,14.643408196774818,1,4,17,4,Female,Rural,Truck,No,Yes,High,0.012832987,Low Probability
40,54944.6569575077,32.62996205456304,2,3,11,4,Female,Rural,Truck,Yes,Yes,High,0.005175977,Low Probability
35,71718.71798333348,29.170579390268845,1,0,8,3,Male,Suburban,Sedan,Yes,No,Low,0.005150379,Low Probability
48,80061.42080025942,61.64728824419844,3,12,17,2,Other,Urban,Truck,No,No,High,4.0136438e-05,Low Probability
48,182222.31425939797,47.8073806945652,3,13,11,2,Female,Urban,Hatchback,No,Yes,Low,0.08305712,Low Probability
68,60738.69407113373,8.334828778056107,4,13,0,3,Male,Suburban,Sedan,No,Yes,High,0.0010403726,Low Probability
52,168419.1891289382,63.80972394536438,1,1,19,2,Female,Rural,Truck,Yes,No,High,0.0008163126,Low Probability
47,127274.1885060826,46.76672511533555,4,14,17,4,Male,Suburban,Truck,Yes,Yes,High,0.030904308,Low Probability
28,86662.24095758947,21.09741071531228,2,2,18,1,Male,Urban,Hatchback,No,Yes,High,0.00033132877,Low Probability
34,186875.21457447068,51.32269982642222,2,9,10,3,Other,Rural,Sedan,No,Yes,Medium,0.15402095,Low Probability
52,142834.79063552618,14.12080633352482,3,1,11,1,Female,Suburban,Sedan,Yes,No,High,0.00024974975,Low Probability
42,37107.66451912825,26.520170227984448,2,7,0,2,Male,Rural,Truck,Yes,No,Medium,0.00014667597,Low Probability
62,63153.460250216755,76.8573839146146,3,13,8,1,Male,Suburban,Sedan,Yes,Yes,Medium,0.00070179603,Low Probability
60,36119.71476485676,23.741114769956912,2,5,6,1,Female,Suburban,Sedan,Yes,Yes,High,0.00012668812,Low Probability
31,33649.94785751208,86.39645218926111,4,13,6,1,Other,Suburban,Hatchback,No,No,Low,9.4084186e-05,Low Probability
66,61329.487065460606,19.926997203101685,4,5,15,1,Male,Urban,SUV,No,No,High,1.4965716e-05,Low Probability
52,87152.04220382674,48.75461728753575,4,13,0,1,Female,Suburban,Sedan,Yes,Yes,High,0.0005519752,Low Probability
40,121998.12828564036,94.26572247084917,3,8,4,1,Other,Urban,Hatchback,No,No,Medium,0.000403829,Low Probability
37,161151.85741689586,18.3776026988484,2,14,5,3,Other,Suburban,Truck,No,No,High,0.0012036712,Low Probability
34,122404.61741111866,93.55800094670096,2,3,0,1,Male,Urban,Hatchback,No,No,Low,0.00026726248,Low Probability
48,154996.57139463906,64.60395295868304,4,2,18,2,Female,Rural,Sedan,Yes,Yes,Low,0.08682091,Low Probability
69,34549.80314982003,54.61292704120218,2,4,11,2,Female,Suburban,Sedan,No,Yes,Low,0.006507599,Low Probability
49,140549.4786587116,15.509415069667538,3,7,1,2,Male,Suburban,SUV,No,Yes,Low,0.21296938,Low Probability
40,42518.149940404954,79.33013387658347,4,11,18,1,Female,Rural,Hatchback,No,No,Low,8.861065e-05,Low Probability
46,58642.634306076216,93.725659475771,2,7,4,4,Other,Suburban,Truck,Yes,No,High,0.0006849844,Low Probability
38,65984.83953644105,62.22353769156883,3,7,1,5,Female,Rural,Truck,No,Yes,High,0.007401495,Low Probability
51,118348.11936543803,65.13310950675492,4,13,1,5,Other,Urban,Truck,Yes,No,Medium,0.022129659,Low Probability
45,100192.81827126187,5.79299532253684,1,0,1,1,Other,Rural,Truck,Yes,Yes,Medium,0.0034781103,Low Probability
42,157391.73513439164,75.65866007339379,1,4,11,1,Female,Suburban,SUV,No,No,Low,0.0007728352,Low Probability
39,85268.51749486047,68.20872695130721,3,12,13,5,Other,Suburban,Truck,Yes,Yes,High,0.031796522,Low Probability
64,115634.75837032123,77.55397243679036,3,5,16,5,Female,Urban,SUV,Yes,No,High,0.005192739,Low Probability
46,79957.2871242445,62.022188276900046,3,6,3,1,Female,Urban,Truck,Yes,Yes,High,0.0002013557,Low Probability
51,68502.56896928817,70.52835400154113,2,13,10,5,Other,Rural,Truck,Yes,No,High,0.005958021,Low Probability
36,99741.4006869282,61.75079485974196,1,14,1,4,Other,Suburban,Hatchback,No,Yes,High,0.0058906088,Low Probability
61,67300.50969546188,47.83015766187111,2,11,13,2,Male,Urban,SUV,Yes,Yes,High,0.00079903967,Low Probability
38,152312.9676709727,35.80045048189336,3,5,7,2,Female,Rural,Truck,No,Yes,High,0.002458314,Low Probability
37,175754.67528645392,14.45541751151544,4,8,19,5,Female,Urban,Sedan,Yes,Yes,Low,0.93289423,Very High Probability
53,170004.35814500967,58.59937558106351,1,8,1,4,Male,Suburban,Hatchback,Yes,No,Low,0.028852548,Low Probability
28,90319.12014880998,75.78693368294407,2,12,12,2,Male,Suburban,Hatchback,Yes,Yes,High,0.0018545501,Low Probability
65,50726.358914300625,97.51614726745576,1,2,13,2,Other,Urban,SUV,Yes,Yes,Low,0.009900609,Low Probability
33,72566.30183841793,16.5529408311775,3,3,0,3,Other,Urban,Sedan,Yes,No,High,0.00022186215,Low Probability
37,47406.95941226589,21.55068727986792,3,2,6,5,Female,Urban,Hatchback,Yes,Yes,Medium,0.13601078,Low Probability
32,46741.03478814229,43.12461242467494,3,12,17,4,Male,Rural,SUV,Yes,Yes,High,0.0055070277,Low Probability
40,166326.130458839,68.70938479815324,1,1,3,2,Other,Rural,Hatchback,No,No,High,0.00024335715,Low Probability
36,86984.42576100354,67.10250507119744,2,5,15,5,Male,Urban,Sedan,No,No,Medium,0.0029560265,Low Probability
39,177702.39395289082,11.055105565573196,1,13,19,2,Female,Suburban,Hatchback,No,No,High,0.0021619988,Low Probability
39,133297.12272507412,68.88380845481316,2,10,6,2,Male,Rural,Sedan,Yes,No,Medium,0.000617409,Low Probability
44,89381.5181330384,29.637390184925913,4,1,13,3,Female,Urban,Hatchback,Yes,Yes,Medium,0.07453432,Low Probability
32,94154.50405248348,85.6097912907581,2,1,3,4,Female,Urban,Truck,No,No,Low,0.010438738,Low Probability
67,137590.1168744595,85.51530029681179,4,4,13,3,Female,Urban,SUV,No,Yes,High,0.0086366255,Low Probability
32,111431.4259607353,77.68794302136536,1,6,11,3,Male,Rural,Truck,No,No,Medium,0.0019198837,Low Probability
39,94719.9983607002,14.864936327659015,3,4,10,3,Other,Suburban,SUV,No,No,High,0.0005425608,Low Probability
58,118052.32569071885,50.13428961955119,3,10,12,1,Female,Suburban,Sedan,Yes,No,Low,0.0002777419,Low Probability
31,37072.96024013594,31.514765036427388,2,12,17,3,Male,Rural,Sedan,No,Yes,Medium,0.007623691,Low Probability
36,148331.06056775086,79.4821271900553,2,9,11,1,Male,Suburban,SUV,No,No,Medium,0.0006217257,Low Probability
32,90597.6176836729,32.486674105005505,2,2,18,2,Other,Urban,Hatchback,No,Yes,Low,0.037922703,Low Probability
33,145660.1043812101,58.71621346383554,3,8,18,4,Other,Urban,Truck,No,Yes,Medium,0.2799559,Moderate Probability
68,57956.24418973878,22.905828892252313,2,4,5,2,Male,Urban,Truck,Yes,Yes,Medium,0.0072702467,Low Probability
50,147716.0153808269,66.1653480951397,2,3,3,3,Male,Rural,Sedan,Yes,Yes,High,0.011838801,Low Probability
44,124826.11952197104,90.61624237356166,1,12,13,5,Male,Rural,Sedan,Yes,No,Low,0.12417233,Low Probability
67,41021.98776538011,93.53544875767356,1,13,14,3,Other,Urban,Sedan,Yes,No,High,0.00014918638,Low Probability
52,90140.83236249509,63.81611282196332,4,8,3,5,Other,Suburban,Sedan,Yes,Yes,High,0.019556519,Low Probability
54,157409.23414384114,14.574859947798613,1,11,5,2,Female,Rural,Sedan,Yes,Yes,Medium,0.03347102,Low Probability
28,176934.0968964257,78.97685964293272,1,11,1,2,Female,Rural,SUV,No,No,Low,0.0041436674,Low Probability
29,159068.31644893961,24.12224345570474,4,9,11,5,Other,Suburban,SUV,Yes,Yes,Medium,0.62522936,High Probability
39,89933.9122646871,30.446148330973422,4,13,14,3,Female,Suburban,Hatchback,Yes,No,Medium,0.0024544094,Low Probability
67,126319.97098967618,41.57384872611019,3,11,8,5,Male,Rural,Sedan,Yes,Yes,Medium,0.5402863,High Probability
31,122225.55120740223,70.88236093624138,3,6,0,4,Other,Urban,Hatchback,No,Yes,Low,0.5690619,High Probability
38,111245.8008402868,53.37548455953377,2,7,7,3,Female,Urban,Sedan,Yes,Yes,Low,0.36131057,Moderate Probability
45,33318.185782545814,70.6549504047962,3,14,12,1,Female,Urban,Hatchback,Yes,Yes,Low,0.0011313886,Low Probability
66,127103.88782610914,56.5284695153723,1,1,2,1,Male,Rural,Sedan,No,No,Medium,0.00018472792,Low Probability
43,182295.60475777104,68.03867007231014,4,10,12,2,Other,Urban,SUV,No,Yes,Medium,0.017421689,Low Probability
59,46578.693576536214,11.435375700774767,1,12,5,3,Other,Suburban,Hatchback,Yes,No,Low,0.001548711,Low Probability
64,35786.37352154615,11.007168596857946,3,0,19,3,Male,Urban,Truck,No,Yes,High,0.0013869822,Low Probability
25,41582.21387072308,88.94619844224243,2,12,2,3,Other,Suburban,SUV,No,Yes,Medium,0.0057227574,Low Probability
57,153573.9996422087,56.883913899132,1,14,19,5,Female,Urban,Hatchback,Yes,No,Low,0.06697552,Low Probability
30,128597.47680004755,61.390128918225166,4,5,4,4,Male,Urban,Hatchback,No,No,Low,0.026610637,Low Probability
27,130573.2890959471,60.640648902852504,4,11,10,1,Other,Urban,SUV,No,No,Low,0.0014808412,Low Probability
